,Timestamp,Age,Gender,City,Position,Years of experience,Your level,Salary,Salary one year ago,Salary two years ago,Are you getting any Stock Options?,Main language at work,Company size,Company type
0,14/12/2018 12:41:33,43,M,München,QA Ingenieur,11,Senior,77000.0,76200.0,68000.0,No,Deutsch,100-1000,Product
1,14/12/2018 12:42:09,33,F,München,Senior PHP Magento developer ,8,Senior,65000.0,55000.0,55000.0,No,Deutsch,50-100,Product
2,14/12/2018 12:47:36,32,M,München,Software Engineer,10,Senior,88000.0,73000.0,54000.0,No,Deutsch,1000+,Product
3,14/12/2018 12:50:15,25,M,München,Senior Frontend Developer,6,Senior,78000.0,55000.0,45000.0,Yes,English,1000+,Product
4,14/12/2018 12:50:31,39,M,München,UX Designer,10,Senior,69000.0,60000.0,52000.0,No,English,100-1000,Ecom retailer
5,14/12/2018 12:52:24,37,M,München,Project Manager,8,Senior,98000.0,96000.0,96000.0,Yes,Deutsch,1000+,Insurance
6,14/12/2018 12:53:47,32,M,Berlin,Senior Android Developer,5,Senior,65000.0,50000.0,50000.0,Yes,English,1000+,Product
7,14/12/2018 12:53:47,36,F,München,Data science team lead,8,Senior,109000.0,105000.0,97000.0,Yes,English,1000+,Product
8,14/12/2018 12:54:20,32,M,Berlin,Test Automation Engineer,3,Senior,65000.0,58000.0,50000.0,Yes,English,100-1000,Startup
9,14/12/2018 12:55:44,30,M,München,Frontend Developer,8,Senior,60000.0,48000.0,42000.0,No,Deutsch,100-1000,Agency
10,14/12/2018 12:56:28,40,M,Berlin,Software Engineer,18,Senior,70000.0,57500.0,54000.0,No,English,100-1000,Product
11,14/12/2018 12:56:31,33,M,Karlsruhe,Senior Full-stack .Net Developer,8,Senior,70000.0,66000.0,48000.0,No,English,100-1000,Product
12,14/12/2018 12:59:58,31,F,Berlin,QA Lead,8,Senior,55000.0,,,No,English,10-50,Startup
13,14/12/2018 13:00:13,29,M,Berlin,Front-end engineer,6,Middle,55000.0,55000.0,34000.0,No,English,100-1000,Product
14,14/12/2018 13:03:34,32,M,München,Software Developer,11,Middle,94500.0,91300.0,86300.0,No,Russian,1000+,Product
15,14/12/2018 13:06:18,25,F,München,QA Test Engineer,3,Junior,46000.0,44000.0,44000.0,No,English,100-1000,Startup
16,14/12/2018 13:07:09,33,M,München,QA Manager,11,Senior,68000.0,65000.0,63000.0,No,Deutsch,1000+,Product
17,14/12/2018 13:10:26,24,M,Hamburg,Software Engineer,4,Middle,60000.0,47000.0,,No,English,1000+,Product
18,14/12/2018 13:16:09,44,M,Berlin,Frontend Developer,17,Senior,62500.0,62500.0,54000.0,No,Deutsch,10-50,Agency
19,14/12/2018 13:20:36,37,M,Berlin,CTO,19,Senior,80000.0,70000.0,,Yes,English,50-100,Startup
20,14/12/2018 13:25:17,29,M,München,Cloud Consulting,10,Senior,132250.0,92600.0,92600.0,Yes,English,1000+,Big Tech
21,14/12/2018 13:25:49,34,F,Berlin,QA,10,Senior,53000.0,53000.0,48000.0,Yes,English,100-1000,Startup
22,14/12/2018 13:25:58,28,M,München,Frontend Engineer,5,Middle,52000.0,40000.0,40000.0,Yes,English,100-1000,Product
23,14/12/2018 13:28:36,35,M,Berlin,Head of IT,10,Senior,95000.0,95000.0,90000.0,No,English,10-50,Consultancy
24,14/12/2018 13:29:27,32,M,München,Senior Software Engineer,4,Senior,72000.0,60000.0,30000.0,No,English,1000+,Agency
25,14/12/2018 13:29:56,40,F,München,Operations manager,15,Middle,55000.0,55000.0,55000.0,No,English,100-1000,Product
26,14/12/2018 13:32:27,39,M,München,Frontend Developer,15,Senior,77000.0,74000.0,,No,English,100-1000,Product
27,14/12/2018 13:32:43,38,M,München,Product Manager,12,Senior,72000.0,72000.0,68000.0,No,English,100-1000,Product
28,14/12/2018 13:33:51,28,M,München,Software engineer ( React/React-native ),8,Senior,80000.0,,,No,English,50-100,Product
29,14/12/2018 13:33:54,31,M,Berlin,iOS Developer ,5,Middle,66000.0,,,No,English,1000+,Product
30,14/12/2018 13:39:08,39,M,Berlin,Senior DevOps,10,Middle,75800.0,66000.0,,No,Deutsch,1000+,Corporation
31,14/12/2018 13:40:40,35,F,München,Software Engineer,12,Senior,84000.0,84000.0,84000.0,No,English,100-1000,Startup
32,14/12/2018 13:43:36,32,M,München,C# Developer,10,Senior,60000.0,60000.0,60000.0,No,English,50-100,Product
33,14/12/2018 13:43:50,27,M,Augsburg ,ERP/BI Specialist,4,Middle,57000.0,52000.0,38000.0,No,Deutsch,100-1000,Product
34,14/12/2018 13:43:50,32,M,München,Full stack developer,2,Junior,58000.0,50000.0,48000.0,Yes,English,100-1000,Product
35,14/12/2018 13:44:05,31,M,München,Systems Administrator,1,Junior,36000.0,,,No,English,50-100,Startup
36,14/12/2018 13:44:09,31,M,München,Senior Software Developer,10,Senior,70000.0,60000.0,,No,English,100-1000,Product
37,14/12/2018 13:44:09,32,M,München,C++ developer,10,Senior,72000.0,56000.0,55000.0,No,English,100-1000,Product
38,14/12/2018 13:44:38,35,M,München,Project Manager,5,Middle,75000.0,70000.0,,,English,100-1000,Product
39,14/12/2018 13:44:52,33,M,München,PM,9,Middle,90000.0,100000.0,85000.0,No,Deutsch,1000+,Product
40,14/12/2018 13:44:54,32,M,München,Android Developer,7,Senior,69000.0,,,No,English,100-1000,Product
41,14/12/2018 13:44:55,41,M,München,Software Architect,20,Senior,113000.0,80000.0,72000.0,No,Deutsch,100-1000,Startup
42,14/12/2018 13:45:42,32,M,München,Senior Frontend Developer,10,Senior,65000.0,,,No,English,100-1000,Product
43,14/12/2018 13:45:55,30,M,München,Embedded Software Engineer,7,Middle,75000.0,72000.0,67000.0,No,English,50-100,Product
44,14/12/2018 13:46:20,24,F,München,iOS developer,3,Middle,57000.0,45000.0,,No,Russian,100-1000,Product
45,14/12/2018 13:46:29,43,M,Berlin,Data Engineer,10,Senior,84000.0,78000.0,76000.0,No,English,50-100,Product
46,14/12/2018 13:46:46,28,M,München,iOS Developer,6,Senior,70000.0,45000.0,,No,English,1000+,Product
47,14/12/2018 13:46:50,29,M,Bremen,Software Engineer,1,Junior,55000.0,,,No,Deutsch,10-50,Product
48,14/12/2018 13:47:09,32,M,München,PHP Developer,6,Senior,60000.0,57000.0,,Yes,English,100-1000,Product
49,14/12/2018 13:47:36,31,M,Frankfurt,Ruby developer,11,Senior,65000.0,61000.0,55000.0,No,English,100-1000,Product
50,14/12/2018 13:48:17,33,M,Berlin,Frontend Developer,10,Senior,70000.0,,,No,English,10-50,Startup
51,14/12/2018 13:50:54,29,M,Berlin,Embedded engineer,7,Middle,50000.0,50000.0,50000.0,,English,up to 10,Product
52,14/12/2018 13:52:38,28,M,München,Java Fullstack Developer,7,Middle,65000.0,65000.0,60000.0,No,Deutsch,50-100,Agency
53,14/12/2018 13:54:01,32,M,München,Senior Software Developer,10,Senior,78000.0,65000.0,60000.0,No,English,10-50,Startup
54,14/12/2018 13:54:15,26,F,Regensburg,Mobile App Developer,1,Junior,60000.0,,,,Deutsch,1000+,Product
55,14/12/2018 13:54:24,34,M,Hamburg,Scala Developer,10,Senior,71000.0,68000.0,68000.0,Yes,English,50-100,Startup
56,14/12/2018 13:54:51,29,M,München,DevOps,9,Senior,75000.0,58000.0,55000.0,No,Deutsch,100-1000,Product
57,14/12/2018 13:55:13,27,F,Frankfurt,Consultant,1,Junior,49000.0,45000.0,10001.0,No,English,1000+,Consultancy
58,14/12/2018 13:55:42,28,M,Hamburg,Ruby developer,4,Senior,65000.0,,,No,English,100-1000,Product
59,14/12/2018 13:56:04,34,M,München,BA/PM,10,Senior,68000.0,,,Yes,English,10-50,Product
60,14/12/2018 13:58:27,35,M,München,DevOps Engineer,10,Senior,56000.0,,,No,English,50-100,Product
61,14/12/2018 14:00:15,32,F,Berlin,QA,3,Junior,30000.0,,,No,English,50-100,Product
62,14/12/2018 14:00:22,32,M,München,C++ Software Enginеer,11,Senior,72000.0,72000.0,,No,English,up to 10,Product
63,14/12/2018 14:00:57,32,F,Frankfurt,Software Developer,4,Middle,65000.0,60000.0,45000.0,Yes,English,100-1000,Product
64,14/12/2018 14:01:59,29,M,Frankfurt,iOS developer,5,Middle,45000.0,,,No,English,up to 10,Agency
65,14/12/2018 14:03:15,36,F,München,Automation QA,4,Middle,55000.0,,,No,English,1000+,Product
66,14/12/2018 14:03:29,29,M,Lisbon,iOS developer,6,Middle,40000.0,,,Yes,English,1000+,Product
67,14/12/2018 14:04:31,25,M,Frankfurt,Frontend Developer,5,Middle,66000.0,55000.0,42000.0,No,English,100-1000,Agency
68,14/12/2018 14:04:45,32,M,Frankfurt,Software Engineer,7,Senior,66000.0,66000.0,66000.0,No,English,100-1000,Product
69,14/12/2018 14:04:58,32,F,Hamburg,Java Developer,5,Middle,54000.0,56000.0,56000.0,No,English,100-1000,Product
70,14/12/2018 14:05:28,25,M,München,Backend Developer,3,Senior,60000.0,60000.0,,No,Russian,10-50,Startup
71,14/12/2018 14:08:20,32,M,Berlin,Frontend developer,6,Middle,50000.0,45000.0,42000.0,Yes,English,10-50,Product
72,14/12/2018 14:09:38,29,M,Berlin,SDET,7,Senior,60000.0,60000.0,,No,English,1000+,Product
73,14/12/2018 14:10:00,32,M,Leipzig,iOS Developer,3,Senior,48000.0,,,No,English,100-1000,Agency
74,14/12/2018 14:11:36,26,M,München,Android Developer,4,Middle,66000.0,22400.0,,No,English,1000+,Agency
75,14/12/2018 14:15:19,33,M,Frankfurt,Technical Lead,10,Senior,95000.0,84000.0,82000.0,No,Deutsch,1000+,Product
76,14/12/2018 14:15:23,28,M,München,FrontEnd dev,8,Middle,61000.0,61000.0,,No,English,100-1000,Product
77,14/12/2018 14:19:00,31,M,Berlin,Technical product manager,1,Middle,65000.0,65000.0,60000.0,No,English,100-1000,Startup
78,14/12/2018 14:20:07,29,M,Berlin,Javascript software developer,5,Middle,55000.0,46000.0,,No,English,10-50,Startup
79,14/12/2018 14:21:25,29,M,München,Java Developer,8,Senior,72000.0,,,No,Russian,100-1000,Product
80,14/12/2018 14:22:39,33,M,Berlin,-,8,Middle,90000.0,60000.0,60000.0,Yes,English,1000+,Product
81,14/12/2018 14:26:57,31,M,Berlin,DevOps,12,Senior,60000.0,49050.0,42500.0,No,English,50-100,Startup
82,14/12/2018 14:27:10,32,M,München,Java Developer,5,Middle,60000.0,,,No,English,100-1000,Product
83,14/12/2018 14:28:17,27,M,Berlin,DevOps Engineer,10,Senior,87000.0,75000.0,65000.0,No,English,100-1000,Product
84,14/12/2018 14:29:00,30,M,Berlin,iOS Developer,6,Senior,70000.0,55000.0,50000.0,No,English,100-1000,Product
85,14/12/2018 14:29:12,32,F,München,Graphic Designer,8,Middle,30000.0,29000.0,27000.0,No,English,up to 10,Startup
86,14/12/2018 14:29:35,34,F,Berlin,Manager,5,Middle,55000.0,50000.0,,No,English,100-1000,Startup
87,14/12/2018 14:29:48,24,M,München,Frontend Developer,3,Middle,57000.0,55000.0,10001.0,No,English,1000+,Product
88,14/12/2018 14:31:08,44,M,München,Project Manager,14,Senior,73000.0,70000.0,65000.0,No,Russian,50-100,Product
89,14/12/2018 14:32:30,37,M,Berlin,Senior/Lead Developer,15,Senior,85000.0,75000.0,70000.0,Yes,English,up to 10,Startup
90,14/12/2018 14:32:47,32,M,Stuttgart,Senior QA,4,Senior,65000.0,60000.0,,No,English,1000+,Agency
91,14/12/2018 14:32:55,32,M,Stuttgart,Senior QA,4,Senior,65000.0,60000.0,,No,English,1000+,Agency
92,14/12/2018 14:33:05,33,M,Berlin,Technical Product Manager,8,Senior,58000.0,58000.0,55000.0,No,English,100-1000,Startup
93,14/12/2018 14:33:16,36,M,Berlin,Mobile Lead,14,Senior,82000.0,72000.0,72000.0,No,English,100-1000,Product
94,14/12/2018 14:33:48,34,M,Berlin,Software Engineer,10,Senior,67000.0,65000.0,,Yes,English,100-1000,Product
95,14/12/2018 14:35:19,31,M,Berlin,Frontend developer,12,Senior,65000.0,60000.0,60000.0,No,English,100-1000,Product
96,14/12/2018 14:35:19,25,M,München,Software Developer,3,Middle,62000.0,20000.0,16000.0,No,English,100-1000,Outsource
97,14/12/2018 14:35:22,28,M,Berlin,Frontend Engineer,6,Senior,62000.0,58000.0,55000.0,No,English,50-100,Startup
98,14/12/2018 14:36:04,38,M,Berlin,Front-end developer,19,Senior,83000.0,57000.0,57000.0,No,English,100-1000,Product
99,14/12/2018 14:36:57,32,F,Berlin,Data Engineer,10,Senior,75000.0,68000.0,,No,English,1000+,Product
100,14/12/2018 14:37:00,22,M,Berlin,Data scientist,2,Middle,50000.0,,,No,English,50-100,Startup
101,14/12/2018 14:37:59,37,M,München,Head of Product ,8,Senior,100000.0,100000.0,85000.0,No,English,50-100,Agency
102,14/12/2018 14:38:13,32,M,Berlin,Research Engineer,10,Middle,75000.0,,,No,English,1000+,Product
103,14/12/2018 14:39:31,40,M,Berlin,PHP Backend Developer,18,Senior,69000.0,65000.0,65000.0,No,English,50-100,Agency
104,14/12/2018 14:39:33,24,M,Berlin,Java Developer,3,Middle,50000.0,45000.0,40000.0,No,English,100-1000,Product
105,14/12/2018 14:40:36,36,M,Berlin,SW Developer,10,Middle,73000.0,58000.0,55000.0,No,English,50-100,Startup
106,14/12/2018 14:42:07,35,M,Berlin,Senior Engineer (PHP),15,Senior,120000.0,85000.0,70000.0,Yes,English,1000+,Product
107,14/12/2018 14:43:15,28,M,Frankfurt,webdev,5,Senior,50000.0,41000.0,,No,English,10-50,Product
108,14/12/2018 14:43:19,32,M,München,Web Developer ,3,Middle,58000.0,50000.0,43000.0,Yes,Deutsch,1000+,Product
109,14/12/2018 14:45:08,33,M,Berlin,Java Developer,11,Senior,65000.0,62000.0,58000.0,No,Deutsch,50-100,Product
110,14/12/2018 14:46:20,36,F,München,QA ,3,Middle,30000.0,30000.0,12000.0,No,English,10-50,Product
111,14/12/2018 14:46:28,32,M,Berlin,Machine Learning Engineer,8,Senior,80000.0,70000.0,63000.0,Yes,English,up to 10,Startup
112,14/12/2018 14:46:54,32,M,Berlin,Frontend Developer,10,Senior,70000.0,,,No,English,50-100,Startup
113,14/12/2018 14:48:13,32,M,München,Data Scientist,4,Senior,65000.0,60000.0,,No,English,50-100,Product
114,14/12/2018 14:48:46,31,M,Berlin,Software Architect,12,Senior,78600.0,75000.0,69000.0,No,English,100-1000,Product
115,14/12/2018 14:51:20,34,M,Berlin,Principal Software Engineer,13,Senior,70000.0,84000.0,75000.0,No,English,10-50,Product
116,14/12/2018 14:54:00,32,M,Amsterdam,FrontEnd Developer,5,Senior,60000.0,,,,English,1000+,Product
117,14/12/2018 14:56:28,32,M,Berlin,Senior Javascript Engineer,6,Senior,78000.0,65000.0,65000.0,No,English,100-1000,Startup
118,14/12/2018 14:57:07,34,M,Berlin,Engineering Manager,17,Senior,70000.0,70000.0,60000.0,Yes,English,50-100,Startup
119,14/12/2018 14:58:17,32,M,Luxembourg,SDE,8,Middle,89000.0,90000.0,65000.0,Yes,English,1000+,Product
120,14/12/2018 15:00:18,27,F,München,Python dev,0,Junior,60000.0,,,Yes,English,50-100,Product
121,14/12/2018 15:01:21,31,F,München,QA Engineer ,5,Middle,60000.0,,,No,English,50-100,Product
122,14/12/2018 15:02:04,32,M,Berlin,Android developer ,9,Senior,72000.0,68000.0,68000.0,No,English,1000+,Product
123,14/12/2018 15:02:23,32,M,München,Web Designer,3,Middle,43000.0,36000.0,32000.0,No,Deutsch,50-100,Product
124,14/12/2018 15:04:23,27,M,Berlin,Senior Software Engineer ,7,Senior,72000.0,65000.0,50000.0,No,English,1000+,Product
125,14/12/2018 15:05:01,30,M,Berlin,Senior Backend Developer,7,Senior,65000.0,62000.0,,No,English,1000+,Startup
126,14/12/2018 15:05:08,34,M,Berlin,Agile coach,5,Senior,85000.0,70000.0,65000.0,No,English,1000+,Agency
127,14/12/2018 15:08:12,30,M,Berlin,QA,8,Senior,55000.0,50000.0,,No,English,50-100,Product
128,14/12/2018 15:08:33,24,M,Berlin,MTS,4,Middle,65000.0,,,Yes,English,100-1000,Startup
129,14/12/2018 15:09:01,28,F,Berlin,Frontend Developer,4,Middle,56000.0,51000.0,45000.0,No,English,1000+,Product
130,14/12/2018 15:11:21,39,M,Bern, .Net Developer,10,Senior,107000.0,56000.0,54000.0,No,Deutsch,100-1000,Product
131,14/12/2018 15:11:22,29,M,Berlin,Python developer,3,Middle,60000.0,,,No,English,100-1000,Product
132,14/12/2018 15:12:01,34,M,München,Android Developer,7,Senior,70000.0,,,No,English,100-1000,Startup
133,14/12/2018 15:12:19,30,M,Berlin,Embedded Developer,6,Middle,60000.0,58000.0,,No,English,100-1000,Product
134,14/12/2018 15:14:28,35,M,Berlin,.NET developer,15,Senior,62000.0,54000.0,54000.0,No,English,100-1000,Product
135,14/12/2018 15:18:07,37,M,Berlin,Seniour software developer,14,Senior,78000.0,68000.0,65000.0,Yes,English,10-50,Startup
136,14/12/2018 15:18:58,25,M,Frankfurt,Junior IT Manager,8,Junior,60000.0,55000.0,,Yes,English,1000+,Industry
137,14/12/2018 15:20:33,37,M,Berlin,Full stack developer ,15,Senior,54000.0,54000.0,,No,English,10-50,Product
138,14/12/2018 15:21:25,27,F,Berlin,IT Project Manager,4,Middle,46000.0,46000.0,40000.0,No,Deutsch,100-1000,E-Commerce firm
139,14/12/2018 15:21:26,30,M,Bonn,Business Analyst,7,Middle,64000.0,60000.0,54000.0,No,English,1000+,Product
140,14/12/2018 15:22:45,33,M,Berlin,fullstack developer,10,Senior,65000.0,55000.0,55000.0,No,English,10-50,Product
141,14/12/2018 15:23:40,32,M,Berlin,Frontent Developer,5,Middle,58000.0,23000.0,18000.0,No,English,10-50,Startup
142,14/12/2018 15:24:22,32,M,München,Senior Java Developer,13,Senior,75000.0,70000.0,65000.0,No,English,1000+,Product
143,14/12/2018 15:27:36,30,M,Frankfurt,Software Developer,8,Senior,95000.0,80000.0,75000.0,No,English,100-1000,Product
144,14/12/2018 15:30:21,27,F,Berlin,Android Developer,5,Middle,60000.0,,,No,English,100-1000,Product
145,14/12/2018 15:30:27,28,M,München,Software Developer,6,Middle,53000.0,,,No,English,100-1000,Product
146,14/12/2018 15:31:13,30,M,Berlin,Software Engineer,3,Middle,69000.0,,,No,English,1000+,Product
147,14/12/2018 15:31:33,39,M,Berlin,Scala developer,20,Senior,84000.0,82000.0,54000.0,No,English,1000+,Product
148,14/12/2018 15:32:58,26,M,Berlin,UX/UI designer,5,Senior,52000.0,,,Yes,English,10-50,Startup
149,14/12/2018 15:34:50,32,M,München,Senior Java,12,Senior,85000.0,75000.0,75000.0,Yes,English,10-50,Product
150,14/12/2018 15:36:26,30,M,Berlin,SRE,7,Senior,75000.0,,,Yes,English,50-100,Product
151,14/12/2018 15:44:27,32,M,München,developer,6,Senior,63000.0,60000.0,,No,English,100-1000,Product
152,14/12/2018 15:44:57,39,M,Berlin,DBA,17,Senior,87000.0,80000.0,65000.0,Yes,English,1000+,Product
153,14/12/2018 15:47:44,35,F,Berlin,Software Engineer,14,Senior,65000.0,,,Yes,English,10-50,Startup
154,14/12/2018 15:50:50,30,F,Berlin,Computational Linguist,3,Middle,50400.0,43200.0,38400.0,No,English,10-50,Startup
155,14/12/2018 15:54:33,26,M,Berlin,Software Engineer,6,Senior,65000.0,52000.0,,No,English,100-1000,Product
156,14/12/2018 15:55:41,32,M,Hamburg,SAP Basis Administrator,19,Senior,85000.0,80000.0,75000.0,No,Deutsch,1000+,Product
157,14/12/2018 15:56:16,27,M,Berlin,Data Scientist,2,Senior,66000.0,13000.0,13000.0,No,English,100-1000,Startup
158,14/12/2018 15:56:57,43,F,München,Programmierer/Consultant,0,Junior,32000.0,,,No,Deutsch,10-50,Product
159,14/12/2018 15:58:16,42,M,München,Java Developer,15,Middle,42000.0,42000.0,45000.0,No,Deutsch,10-50,Product
160,14/12/2018 16:11:51,31,M,Berlin,Full stack engineer,11,Senior,65000.0,55000.0,36000.0,No,English,100-1000,Product
161,14/12/2018 16:13:11,34,M,Berlin,Software engineer,8,Middle,74000.0,72000.0,54000.0,No,English,1000+,Startup
162,14/12/2018 16:14:28,32,M,Berlin,Java Developer,10,Senior,75000.0,,,No,English,100-1000,Startup
163,14/12/2018 16:15:58,30,M,München,Software Engineer,8,Senior,72500.0,65000.0,58000.0,No,English,100-1000,Product
164,14/12/2018 16:18:51,37,M,Berlin,Database Administrator,7,Senior,53000.0,47000.0,44000.0,No,Deutsch,100-1000,Product
165,14/12/2018 16:22:31,32,M,Frankfurt,Senior Software Engineer,13,Senior,102000.0,92000.0,84000.0,No,English,100-1000,Product
166,14/12/2018 16:23:37,27,M,Hamburg,Frontend Developer,11,Senior,60000.0,58000.0,50000.0,No,English,100-1000,Product
167,14/12/2018 16:28:22,30,M,Berlin,Software Engineer JavaSctipt,10,Senior,75000.0,56000.0,50000.0,No,English,1000+,Product
168,14/12/2018 16:34:10,33,M,Berlin,PM,15,Senior,85000.0,75000.0,70000.0,Yes,English,1000+,Product
169,14/12/2018 16:36:10,38,M,Köln,Java Developer,12,Senior,60000.0,,,No,Deutsch,10-50,Consulting
170,14/12/2018 16:37:06,35,M,Berlin,Developer,9,Senior,60000.0,60000.0,55000.0,Yes,English,up to 10,Startup
171,14/12/2018 16:39:31,36,M,Berlin,Head of Engineering,15,Senior,85000.0,75000.0,72000.0,No,Deutsch,10-50,Product
172,14/12/2018 16:59:14,25,M,Berlin,Android Developer,5,Middle,50000.0,,,Yes,English,10-50,Startup
173,14/12/2018 16:59:45,32,M,Berlin,product manager,5,Others,60000.0,57000.0,57000.0,No,English,100-1000,Product
174,14/12/2018 17:00:26,35,M,Köln,Angular,5,Middle,35000.0,35000.0,35000.0,No,English,1000+,Product
175,14/12/2018 17:01:05,29,M,München,Senior Android Developer,8,Senior,75000.0,58000.0,54000.0,No,English,50-100,Agency
176,14/12/2018 17:06:24,30,F,Berlin,Full Stack Developer,4,Middle,58000.0,45000.0,38000.0,No,English,10-50,Product
177,14/12/2018 17:09:17,33,M,Berlin,Software Developer,12,Senior,75000.0,65000.0,,No,English,1000+,Internal development for a non-IT company
178,14/12/2018 17:09:32,30,M,Baden-Württemberg ,Mobile developer,8,Senior,70000.0,55000.0,55000.0,Yes,English,10-50,Startup
179,14/12/2018 17:11:47,30,M,Berlin,PHP Developer,11,Senior,65000.0,65000.0,60000.0,No,English,50-100,Startup
180,14/12/2018 17:13:28,31,F,Berlin,Software Engineer,8,Senior,55800.0,52800.0,48000.0,No,Deutsch,1000+,Product
181,14/12/2018 17:28:55,26,M,Berlin,Automation QA,4,Middle,55000.0,55000.0,44000.0,No,English,1000+,Product
182,14/12/2018 17:36:48,27,M,Berlin,Frontend Developer,5,Middle,55000.0,,,No,English,1000+,Product
183,14/12/2018 17:45:50,34,M,Berlin,Android Developer,7,Senior,70000.0,56000.0,48000.0,No,Deutsch,100-1000,Product
184,14/12/2018 17:47:16,35,M,Berlin,PHP Developer,12,Senior,63000.0,63000.0,50000.0,No,English,100-1000,Product
185,14/12/2018 17:47:38,29,M,Berlin,Data scientist,8,Senior,115000.0,85000.0,65000.0,Yes,English,1000+,Product
186,14/12/2018 17:52:18,28,M,München,Software Engineer (Android),2,Middle,52000.0,23000.0,,No,Deutsch,100-1000,Agency
187,14/12/2018 17:54:53,39,M,Frankfurt,SAP Consultant,13,Senior,176000.0,110000.0,100000.0,No,English,1000+,Product
188,14/12/2018 17:55:01,35,M,München,C++ developer,14,Senior,70000.0,58000.0,56000.0,No,English,up to 10,Startup
189,14/12/2018 18:09:11,31,F,Frankonia,QA Engineer,7,Senior,44000.0,44000.0,,No,English,100-1000,Product
190,14/12/2018 18:09:27,26,M,Berlin,Computer Vision Engineer,2,Middle,50000.0,40000.0,,Yes,English,up to 10,Startup
191,14/12/2018 18:12:52,26,M,München,Java Developer,4,Middle,58000.0,48000.0,48000.0,No,English,100-1000,Agency
192,14/12/2018 18:16:05,32,M,Berlin,DevOps,9,Middle,60000.0,50000.0,50000.0,No,English,10-50,Startup
193,14/12/2018 18:19:11,42,M,Stuttgart ,Digital Project Manager,3,Senior,60000.0,50000.0,41000.0,No,Deutsch,1000+,Personaldienstleister
194,14/12/2018 18:19:43,27,M,Berlin,Backend developer,3,Senior,64000.0,58000.0,50000.0,No,English,100-1000,Startup
195,14/12/2018 18:19:59,38,M,Berlin,PM,5,Senior,80000.0,80000.0,75000.0,Yes,English,10-50,Product
196,14/12/2018 18:21:16,24,M,München,Machine Learning Engineet,2,Middle,58000.0,24480.0,24480.0,No,English,10-50,Startup
197,14/12/2018 18:22:41,32,M,Berlin,Machine Learning Engineer,8,Senior,95000.0,88000.0,80000.0,Yes,English,50-100,Product
198,14/12/2018 18:23:04,28,F,Berlin,Frontend developer,6,Middle,50000.0,,,No,English,100-1000,Startup
199,14/12/2018 18:23:11,31,M,München,Lead Software Engineer,13,Senior,90000.0,75000.0,,No,English,100-1000,Product
200,14/12/2018 18:30:31,31,M,Stuttgart,Head of Development,12,Senior,75000.0,69000.0,60000.0,No,English,100-1000,Product
201,14/12/2018 18:44:00,31,M,Mannheim ,.net,4,Senior,46000.0,,,No,Deutsch,50-100,Startup
202,14/12/2018 18:47:44,30,M,Köln,Data scientist,5,Middle,80000.0,78000.0,72000.0,No,English,1000+,Product
203,14/12/2018 18:48:00,36,M,München,Data Scientist,5,Senior,92000.0,77000.0,,No,English,50-100,Agency
204,14/12/2018 18:51:51,24,M,München,IT Consultant,4,Middle,60000.0,55000.0,20000.0,No,English,100-1000,Agency
205,14/12/2018 18:59:10,33,M,Karlsruhe,Embedded SW Developer,13,Senior,90000.0,90000.0,85000.0,No,Deutsch,up to 10,Product
206,14/12/2018 19:01:15,34,F,München,C++ Developer ,6,Middle,63000.0,63000.0,55000.0,No,Deutsch,10-50,Product
207,14/12/2018 19:02:11,29,M,München,System Engineer,8,Senior,75000.0,65000.0,60000.0,Yes,English,50-100,Product
208,14/12/2018 19:03:58,32,F,Berlin,Marketing Manager,8,Senior,55000.0,45000.0,,Yes,English,100-1000,Startup
209,14/12/2018 19:04:15,22,M,München,Software developer,1,Junior,70000.0,,,Yes,English,1000+,Product
210,14/12/2018 19:05:11,42,M,Stuttgart,Erlang Developer,20,Senior,74000.0,,,No,English,50-100,Startup
211,14/12/2018 19:07:54,29,M,Berlin,backend developer,5,Middle,65000.0,57600.0,50000.0,Yes,English,50-100,Product
212,14/12/2018 19:08:18,29,M,Stuttgart,Computer Vision Engineer,6,Senior,125000.0,115000.0,90000.0,Yes,English,1000+,Product
213,14/12/2018 19:12:42,35,M,Berlin,Senior Software Engineer,10,Senior,68000.0,65000.0,60000.0,No,English,100-1000,Product
214,14/12/2018 19:13:13,36,M,Berlin,Engineer,13,Senior,80000.0,70000.0,66000.0,Yes,English,100-1000,Startup
215,14/12/2018 19:28:23,29,M,München,IT admin,7,Senior,40000.0,,,No,Deutsch,50-100,Product
216,14/12/2018 19:38:07,28,M,Stuttgart ,C++ Developer ,5,Middle,60000.0,60000.0,52000.0,No,English,100-1000,Agency
217,14/12/2018 19:38:08,32,M,Berlin,Senior Ruby Developer,13,Senior,65000.0,58000.0,51000.0,No,English,10-50,Startup
218,14/12/2018 19:43:14,38,M,Berlin,Senior Backend Engineer,15,Senior,92000.0,70000.0,60600.0,No,English,1000+,Product
219,14/12/2018 19:52:50,31,M,Berlin,Senior software engineer,8,Senior,75000.0,55000.0,45000.0,Yes,English,100-1000,Startup
220,14/12/2018 19:54:14,32,F,Berlin,QA,5,Senior,70000.0,70000.0,70000.0,Yes,English,1000+,ipo
221,14/12/2018 19:54:47,38,F,München,Java Developer,16,Middle,58000.0,56000.0,54000.0,No,Deutsch,100-1000,Product
222,14/12/2018 20:13:28,30,M,Berlin,Senior Data Scientist,6,Senior,76000.0,,,No,English,1000+,e-commerce
223,14/12/2018 20:30:03,32,M,Berlin,Senior Software Engineer,9,Senior,75000.0,73000.0,65000.0,No,English,100-1000,Product
224,14/12/2018 20:35:49,27,M,München,Fullstack JS,6,Senior,65000.0,,,No,English,10-50,Startup
225,14/12/2018 20:41:56,27,M,München,Senior Software Engineer,6,Senior,75000.0,71000.0,68000.0,No,English,1000+,Product
226,14/12/2018 20:53:08,36,M,Berlin,Java developer,12,Senior,80000.0,80000.0,80000.0,No,English,1000+,Product
227,14/12/2018 21:02:32,32,M,München,DevOps Engineer,9,Senior,80000.0,70000.0,,No,English,1000+,Outsource
228,14/12/2018 21:12:47,36,M,Berlin,Principal Engineer ,10,Others,83000.0,72000.0,69000.0,Yes,English,1000+,Product
229,14/12/2018 21:16:32,32,M,München,PHP Dev,11,Senior,80000.0,65000.0,58000.0,No,Deutsch,1000+,Product
230,14/12/2018 21:19:11,32,M,Berlin,Big Data Engineer,5,Senior,87000.0,,60000.0,No,English,10-50,Startup
231,14/12/2018 21:19:23,32,M,München,Senior Software Engineer,9,Senior,80000.0,66000.0,65000.0,No,English,50-100,Product
232,14/12/2018 21:21:01,26,M,München,Java Developer,3,Middle,58000.0,,,No,Russian,50-100,Product
233,14/12/2018 21:51:41,39,M,München,Software Engineer,15,Senior,68000.0,68000.0,64000.0,No,English,100-1000,Startup
234,14/12/2018 22:07:16,25,M,Berlin,C++ Developer,3,Middle,48500.0,46000.0,,No,English,10-50,Product
235,14/12/2018 22:08:18,32,M,München,-,8,Senior,72000.0,65000.0,15000.0,Yes,English,10-50,Product
236,14/12/2018 22:11:43,31,M,Berlin,Java Developer ,0,Junior,49000.0,,,No,English,1000+,Product
237,14/12/2018 22:22:32,52,M,Berlin,Sysadmin,7,Middle,34000.0,34000.0,34000.0,No,Deutsch,up to 10,Product
238,14/12/2018 22:23:19,26,M,München,Low level software developer,5,Middle,68000.0,,,No,English,100-1000,Product
239,14/12/2018 22:24:18,28,M,Berlin,Full-stack Developer,7,Senior,75000.0,60000.0,,No,English,50-100,Startup
240,14/12/2018 22:26:29,31,M,Berlin,Lead Software Engineer,10,Senior,95000.0,82000.0,76000.0,Yes,English,1000+,Startup
241,14/12/2018 22:30:49,26,M,München,Software Engineer,7,Middle,70500.0,,,Yes,English,1000+,Product
242,14/12/2018 22:33:44,32,M,Berlin,Site Reliability engineer ,12,Senior,65000.0,65000.0,,No,English,100-1000,Product
243,14/12/2018 22:33:46,50,F,Bayern,Project manager,20,Senior,96000.0,94000.0,92000.0,No,Deutsch,100-1000,Product
244,14/12/2018 22:34:49,22,M,Berlin,Software Engineer ,5,Middle,65000.0,,,Yes,English,1000+,Product
245,14/12/2018 22:46:56,34,M,München,Architect,11,Senior,83000.0,75000.0,67000.0,No,Russian,100-1000,Product
246,14/12/2018 22:51:33,32,F,München,Sales ops team lead ,4,Middle,78000.0,74000.0,68500.0,No,English,100-1000,Product
247,14/12/2018 23:07:56,33,F,Berlin,Manual QA,4,Middle,45000.0,,,No,English,up to 10,Startup
248,14/12/2018 23:32:06,32,M,Berlin,Software developer,8,Middle,65000.0,50000.0,45000.0,No,English,100-1000,Product
249,14/12/2018 23:40:57,37,M,München,-,10,Senior,120000.0,,,No,Deutsch,1000+,Product
250,14/12/2018 23:53:16,38,M,Berlin,Head of BI,5,Senior,85000.0,72000.0,45000.0,No,English,1000+,Product
251,14/12/2018 23:55:34,32,M,Stuttgart,iOS Developer,3,Middle,65000.0,,,No,English,50-100,Product
252,15/12/2018 00:16:42,37,M,Tübingen,Software Engineer,15,Senior,65000.0,65000.0,,No,English,50-100,Product
253,15/12/2018 00:27:54,34,M,Berlin,Java Developer,10,Senior,86000.0,72000.0,,No,English,100-1000,Product
254,15/12/2018 00:29:01,28,M,Berlin,DevOps,3,Middle,68000.0,55000.0,,No,English,10-50,Product
255,15/12/2018 00:31:39,31,M,Berlin,Senior PHP Developer,11,Senior,61000.0,55000.0,49000.0,No,English,100-1000,Product
256,15/12/2018 00:51:51,25,M,Berlin,Fullstack,5,Senior,60000.0,53000.0,47000.0,No,English,10-50,Product
257,15/12/2018 01:05:26,25,M,Berlin,Java developer,4,Middle,48000.0,42000.0,38000.0,No,English,10-50,Agency
258,15/12/2018 01:09:43,29,M,Berlin,Team Lead,10,Senior,75000.0,75000.0,62000.0,No,English,100-1000,Startup
259,15/12/2018 01:19:44,28,M,München,Product Manager,5,Middle,65000.0,62000.0,65000.0,No,Russian,1000+,Product
260,15/12/2018 01:42:11,49,M,Frankfurt,PD,20,Senior,120000.0,,,No,English,1000+,Product
261,15/12/2018 01:59:53,38,M,Stuttgart,IT Berater,18,Senior,84000.0,84000.0,84000.0,Yes,Russian,up to 10,Agency
262,15/12/2018 03:11:43,26,M,München,Java & JS Developer,4,Middle,54000.0,50000.0,,No,English,50-100,Product
263,15/12/2018 03:41:51,25,F,Berlin,Java developer ,1,Junior,40000.0,40000.0,,No,Deutsch,10-50,Product
264,15/12/2018 05:40:22,43,M,München,Frontend developer ,10,Senior,61000.0,55000.0,,No,English,100-1000,Product
265,15/12/2018 06:04:26,35,M,München,DevOps engineer ,15,Senior,85000.0,65000.0,65000.0,No,Deutsch,100-1000,Product
266,15/12/2018 07:10:41,31,M,Köln,web developer,2,Others,35000.0,35000.0,,No,Deutsch,10-50,Agency
267,15/12/2018 07:21:46,27,M,München,iOS Developer,6,Senior,68000.0,55700.0,50000.0,No,English,100-1000,Startup
268,15/12/2018 07:45:54,33,M,München,Senior Java Developer,12,Senior,75000.0,68000.0,65000.0,No,English,10-50,Startup
269,15/12/2018 08:33:32,32,M,Berlin,Senior Software engineer C++,10,Senior,96000.0,,,Yes,English,up to 10,Product
270,15/12/2018 08:40:51,40,M,Köln,network engineer ,15,Senior,70000.0,,,No,English,100-1000,Product
271,15/12/2018 08:57:08,32,M,Berlin,C# Developer ,5,Senior,55000.0,,,No,English,10-50,Product
272,15/12/2018 09:05:31,32,M,Berlin,Senior Sys Admin,10,Senior,50000.0,,,No,English,50-100,Product
273,15/12/2018 09:06:45,32,F,Berlin,C++ Developer ,10,Senior,57000.0,,,No,English,100-1000,Product
274,15/12/2018 09:16:51,32,M,Berlin,Senior PHP developer,8,Senior,60000.0,55000.0,48000.0,No,English,1000+,Product
275,15/12/2018 09:25:30,31,F,Berlin,QA,10,Senior,44000.0,40000.0,40000.0,No,English,100-1000,Startup
276,15/12/2018 09:26:39,36,M,München,Product Manager,10,Senior,95000.0,80000.0,60000.0,No,Deutsch,1000+,Product
277,15/12/2018 09:37:47,32,F,Frankfurt,QA Consultant ,5,Middle,55000.0,48000.0,42000.0,No,Deutsch,10-50,Startup
278,15/12/2018 10:03:26,32,M,München,Senior PHP Developer,18,Senior,67000.0,67000.0,67000.0,No,English,100-1000,Product
279,15/12/2018 10:11:07,31,F,Berlin,TA Engineer,8,Middle,46000.0,43000.0,40000.0,No,English,100-1000,Product
280,15/12/2018 10:12:07,30,M,Berlin,CTO,9,Senior,90000.0,67000.0,55000.0,Yes,English,up to 10,Agency
281,15/12/2018 10:26:31,33,M,München,Senior software engineer ,11,Senior,92000.0,76000.0,76000.0,No,English,50-100,Product
282,15/12/2018 10:27:44,33,M,Berlin,Java script,16,Senior,95000.0,80000.0,80000.0,Yes,English,10-50,Product
283,15/12/2018 10:29:47,38,M,München,Frontend,5,Senior,70000.0,50000.0,40000.0,No,English,10-50,Startup
284,15/12/2018 10:40:52,30,M,Berlin,Software Architect,11,Senior,115000.0,,75000.0,,English,1000+,Product
285,15/12/2018 10:43:27,28,M,Berlin,Lead DevOps,7,Senior,70000.0,65000.0,62000.0,No,English,100-1000,Startup
286,15/12/2018 10:45:12,37,M,Brno,DevOps,17,Middle,35000.0,25000.0,15000.0,Yes,English,100-1000,Product
287,15/12/2018 10:47:27,26,M,Berlin,QA Lead,7,Senior,60000.0,,,No,English,100-1000,Product
288,15/12/2018 10:50:57,31,M,München,Hardware Engineer ,9,Senior,90000.0,87000.0,,Yes,English,1000+,Product
289,15/12/2018 10:51:04,31,M,München,Hardware Engineer ,9,Senior,90000.0,87000.0,,Yes,English,1000+,Product
290,15/12/2018 10:52:39,37,M,Berlin,Senior Backend Developer,17,Senior,80000.0,65000.0,61000.0,No,English,50-100,Startup
291,15/12/2018 10:52:50,32,M,München,Data Scientist,5,Middle,90000.0,90000.0,50000.0,No,English,1000+,Product
292,15/12/2018 10:55:32,33,M,München,System Administrator,13,Senior,72000.0,70000.0,68000.0,No,Russian,10-50,Startup
293,15/12/2018 10:58:28,38,M,Berlin,Fullstack,5,Senior,55000.0,,,No,Deutsch,100-1000,Agency
294,15/12/2018 11:02:41,30,M,Berlin,Python Developer,2,Middle,52000.0,48000.0,42500.0,No,English,50-100,Product and Projects
295,15/12/2018 11:04:08,37,M,Dresden,Developer,10,Senior,53000.0,51000.0,49000.0,No,Deutsch,100-1000,Product
296,15/12/2018 11:12:37,30,M,Berlin,Javascript Developer in Test,8,Senior,72000.0,55000.0,55000.0,Yes,English,1000+,Product
297,15/12/2018 11:13:19,31,M,Berlin,Software Architect,12,Senior,80000.0,,,No,English,1000+,Product
298,15/12/2018 11:13:33,41,M,München,CEO,20,Others,200000.0,200000.0,150000.0,Yes,Deutsch,up to 10,Startup
299,15/12/2018 11:14:22,27,M,Berlin,Scala developer,5,Middle,63000.0,56000.0,52000.0,Yes,English,1000+,E-Commerce
300,15/12/2018 11:17:09,30,M,Berlin,Front-end developer ,8,Senior,73300.0,67000.0,55000.0,Yes,English,1000+,Product
301,15/12/2018 11:22:15,32,M,München,DevOps Architect ,10,Senior,115000.0,,,No,English,1000+,Development
302,15/12/2018 11:27:53,34,M,Berlin,QA Engineer,12,Senior,73500.0,70000.0,65000.0,No,English,100-1000,Product
303,15/12/2018 11:33:00,31,M,Berlin,Software Developer,10,Senior,83000.0,65000.0,57000.0,No,English,1000+,Product
304,15/12/2018 11:38:11,33,M,Krakow,DevOps Engineer,7,Senior,42000.0,35000.0,20000.0,No,English,100-1000,Outsource
305,15/12/2018 11:44:15,39,F,München,BI Developer,5,Middle,56000.0,51000.0,,No,English,1000+,Product
306,15/12/2018 11:45:48,30,M,Berlin,Senior Software Engineer,9,Senior,130000.0,120000.0,120000.0,Yes,English,1000+,Product
307,15/12/2018 12:07:50,30,M,Berlin,-,8,Senior,70000.0,68000.0,,Yes,English,100-1000,Startup
308,15/12/2018 12:11:10,24,M,Berlin,SEM Manager,5,Middle,45000.0,,,No,English,100-1000,Startup
309,15/12/2018 12:15:22,32,M,Dublin,IOS developer ,7,Senior,57000.0,53000.0,51000.0,No,English,50-100,Product
310,15/12/2018 12:16:26,29,F,Amsterdam,Backend developer,4,Middle,58000.0,49500.0,,No,English,10-50,Startup
311,15/12/2018 12:18:59,30,M,Amsterdam,Lead developer,8,Senior,65000.0,58000.0,58000.0,No,English,1000+,Product
312,15/12/2018 12:21:06,23,M,Eindhoven,Python Developer,5,Senior,47500.0,,,No,English,50-100,Product
313,15/12/2018 12:22:50,33,M,München,iOS Developer,12,Middle,70000.0,66000.0,60000.0,No,English,100-1000,Product
314,15/12/2018 12:24:14,21,M,Amsterdam,Software Engineer 2(Frontend),4,Middle,90000.0,62000.0,,Yes,English,1000+,Product
315,15/12/2018 12:32:35,32,F,Berlin,QA Automation Engineer,5,Middle,50000.0,40000.0,,No,English,50-100,Startup
316,15/12/2018 12:37:08,33,M,Berlin,Senior Software Engineer,12,Senior,85000.0,65000.0,65000.0,No,English,1000+,Product
317,15/12/2018 12:39:12,30,M,Amsterdam ,Systems engineer,8,Senior,65000.0,,,No,English,1000+,Product
318,15/12/2018 12:39:49,34,M,Berlin,Oracle Developer,5,Middle,62000.0,60000.0,58000.0,No,Deutsch,100-1000,Product
319,15/12/2018 12:40:24,40,M,München,Oracle Pl/SQL Developer,20,Senior,60000.0,55000.0,50000.0,No,Deutsch,10-50,Product
320,15/12/2018 12:43:25,28,F,Luxembourg,BI developer,8,Middle,66000.0,,,No,French,100-1000,Agency
321,15/12/2018 12:44:08,32,M,Amsterdam,Senior JS Enigneer,15,Senior,75000.0,,,No,English,100-1000,Product
322,15/12/2018 13:00:03,37,M,Amsterdam,Perl/Java Developer,8,Middle,70000.0,55000.0,,No,English,1000+,Product
323,15/12/2018 13:05:32,33,M,Berlin,Software Engineer,10,Senior,65000.0,,,No,English,10-50,Product
324,15/12/2018 13:05:37,33,M,Berlin,Software Engineer,10,Senior,65000.0,,,No,English,10-50,Product
325,15/12/2018 13:09:24,28,M,Amsterdam,Python Developer,6,Senior,70000.0,30000.0,26000.0,No,English,100-1000,Product
326,15/12/2018 13:10:58,32,F,München,Java developer,7,Senior,62000.0,55000.0,52000.0,No,English,1000+,Product
327,15/12/2018 13:12:36,22,F,München,Data Scientist,1,Middle,55000.0,,,No,English,10-50,Startup
328,15/12/2018 13:17:44,30,M,Berlin,iOS Developer,5,Senior,60000.0,50000.0,45000.0,No,English,50-100,Startup
329,15/12/2018 13:22:45,25,M,München,QA Engineer,5,Middle,56000.0,55000.0,,Yes,English,1000+,Product
330,15/12/2018 14:03:17,33,M,Konstanz,Data Scientist,10,Middle,65000.0,60000.0,60000.0,No,English,50-100,Product
331,15/12/2018 14:24:35,25,M,Amsterdam,Software Developer,6,Middle,78000.0,72500.0,,Yes,English,1000+,Product
332,15/12/2018 14:44:59,25,M,Amsterdam,Python Test Automation Engineer,4,Senior,60000.0,,,No,English,100-1000,Product
333,15/12/2018 14:53:13,35,M,München,Senior Java Developer,12,Senior,85000.0,,,No,English,100-1000,Product
334,15/12/2018 15:11:34,34,F,Berlin,Senior .Net developer,12,Senior,61000.0,,,No,English,1000+,Product
335,15/12/2018 15:14:45,31,M,Amsterdam,C++ Engineer,10,Senior,68000.0,65000.0,65000.0,No,English,1000+,Product
336,15/12/2018 15:22:44,28,M,Berlin,Senior Software Engineer ,8,Senior,60000.0,55000.0,45000.0,No,English,10-50,Product
337,15/12/2018 15:25:05,26,M,Hamburg,Scala Developer,5,Senior,81000.0,78000.0,63000.0,Yes,English,100-1000,Startup
338,15/12/2018 15:26:35,30,M,München,Java Developer,3,Middle,61000.0,,,No,English,50-100,Product
339,15/12/2018 16:05:51,42,M,Berlin,Head of Engineering,25,Senior,140000.0,130000.0,130000.0,Yes,English,1000+,Product
340,15/12/2018 16:14:24,39,M,Berlin,IT Administration,6,Senior,52000.0,46000.0,40000.0,No,English,50-100,Product
341,15/12/2018 16:19:41,30,M,Berlin,Data Engineer,5,Senior,65000.0,,,No,English,100-1000,Startup
342,15/12/2018 16:20:04,32,M,Berlin,Data Engineer,8,Senior,80000.0,,,No,English,1000+,Product
343,15/12/2018 16:32:01,33,M,Stuttgart,Java Developer,8,Middle,68000.0,68000.0,56000.0,No,Deutsch,100-1000,Product
344,15/12/2018 16:57:43,36,M,Dublin ,iOS developer ,7,Senior,90000.0,77000.0,70000.0,No,English,50-100,Product
345,15/12/2018 17:15:31,30,M,München,Data Scientist,6,Middle,80000.0,72000.0,66000.0,No,English,1000+,Product
346,15/12/2018 17:33:01,28,M,Amsterdam,Scala\Java,10,Senior,80000.0,75000.0,70000.0,No,English,10-50,Startup
347,15/12/2018 17:48:02,32,M,München,Full-Stack Web Developer,7,Senior,65000.0,63000.0,63000.0,No,English,100-1000,Product
348,15/12/2018 18:02:36,30,M,Amsterdam,Go Developer,10,Senior,70000.0,24000.0,22000.0,No,Russian,50-100,Product
349,15/12/2018 18:14:51,30,F,München,ios developer,7,Senior,60000.0,60000.0,,No,English,10-50,Startup
350,15/12/2018 18:29:11,32,M,München,Senior Fullstack,10,Senior,60000.0,,,No,English,100-1000,Product
351,15/12/2018 18:37:23,30,M,Berlin,Java Software Engineer ,4,Middle,55000.0,51000.0,49000.0,No,English,100-1000,Product
352,15/12/2018 19:24:59,32,M,München,Senior Web Developer ,8,Senior,65000.0,60000.0,50000.0,No,Deutsch,10-50,Product
353,15/12/2018 19:51:12,25,M,Karlsruhe,Android Developer,2,Middle,52000.0,,,No,Deutsch,10-50,Agency
354,15/12/2018 20:17:25,43,M,Berlin,Software Engineer,20,Senior,75000.0,,,No,Deutsch,1000+,Agency
355,15/12/2018 20:26:59,32,M,Berlin,Java/JS Developer,11,Senior,87000.0,75000.0,72000.0,No,English,1000+,Product
356,15/12/2018 20:43:02,30,M,Berlin,Senior Software Engineer (Data Engineer),8,Senior,66000.0,63000.0,53000.0,No,English,100-1000,Startup
357,15/12/2018 20:48:25,32,M,München,IT-Consultant,5,Middle,50000.0,45000.0,,No,Deutsch,10-50,Agency
358,15/12/2018 21:06:19,32,M,Frankfurt,System administrator,1,Junior,30000.0,,,No,Russian,up to 10,Product
359,15/12/2018 21:12:04,31,M,Berlin,Scala Developer,9,Senior,60000.0,60000.0,60000.0,No,English,1000+,Startup
360,15/12/2018 21:15:02,34,M,Berlin,Senior Software Engineer ,12,Senior,75000.0,,,No,English,100-1000,Startup
361,15/12/2018 21:15:37,30,M,Berlin,CTO,10,Senior,130000.0,125000.0,96000.0,Yes,English,50-100,Product
362,15/12/2018 21:22:42,26,M,München,iOS Developer,4,Senior,70000.0,45000.0,,No,Russian,50-100,Product
363,15/12/2018 21:38:11,28,M,München,IT Consultant,3,Middle,62000.0,53500.0,,No,Deutsch,1000+,Consulting Company
364,15/12/2018 21:41:10,34,M,Berlin,QA,8,Senior,53500.0,50000.0,,No,English,100-1000,Startup
365,15/12/2018 22:11:05,24,M,Köln,Software Engineer,4,Junior,87975.0,60500.0,,Yes,English,1000+,Product
366,15/12/2018 22:24:04,31,M,Berlin,Team lead PHP,10,Senior,60000.0,55000.0,50000.0,No,English,100-1000,Product
367,15/12/2018 22:24:07,31,F,Eindhoven,Data scientist,4,Middle,65000.0,,,No,English,50-100,Product
368,15/12/2018 22:32:31,31,M,Berlin,Team Lead,9,Senior,70000.0,70000.0,60000.0,No,English,1000+,Product
369,15/12/2018 22:46:17,26,M,Berlin,Full stack developer,6,Senior,60000.0,54000.0,45000.0,No,English,10-50,Startup
370,15/12/2018 23:02:13,27,M,München,Web Analytics Manager,3,Middle,55000.0,,,No,English,1000+,Product
371,15/12/2018 23:10:31,32,M,Prague,Engineering Manager,11,Senior,70000.0,62000.0,55000.0,Yes,English,1000+,Product
372,15/12/2018 23:34:27,34,M,München,Java Developer,14,Senior,70000.0,65000.0,60000.0,No,Russian,10-50,Startup
373,16/12/2018 00:10:34,33,M,Berlin,Senior PHP Developer,10,Senior,54000.0,48000.0,48000.0,No,English,50-100,Product
374,16/12/2018 00:15:34,35,M,München,Deep Learning Researcher (PHD),7,Senior,130000.0,120000.0,115000.0,No,English,100-1000,Product
375,16/12/2018 00:41:52,32,M,München,Software Architekt ,18,Senior,140000.0,75000.0,70000.0,No,Deutsch,100-1000,Agency
376,16/12/2018 01:41:06,34,M,Berlin,Senior Software Engineer,10,Senior,76000.0,68000.0,62000.0,Yes,English,100-1000,Startup
377,16/12/2018 01:57:27,35,M,Berlin,Solution Engineer,5,Middle,53000.0,50400.0,,Yes,English,100-1000,Startup
378,16/12/2018 07:33:00,30,M,Moscow,Senior software engineer,10,Senior,31500.0,17400.0,10001.0,No,Russian,1000+,Agency
379,16/12/2018 07:36:39,36,M,Stockholm,Senior SQL Server DBA/Developer,13,Senior,58000.0,53000.0,,No,English,50-100,Product
380,16/12/2018 10:20:57,37,M,Berlin,QA Automation,6,Senior,52000.0,42000.0,40000.0,No,English,100-1000,Product
381,16/12/2018 10:39:55,30,M,Berlin,Lead developer,9,Senior,75000.0,65000.0,57000.0,Yes,English,50-100,Startup
382,16/12/2018 10:45:23,37,F,Berlin,Senior Software Ingenieur Java,10,Senior,68000.0,58000.0,55000.0,No,Deutsch,100-1000,IT Dienstleistungen 
383,16/12/2018 10:49:01,28,M,München,.net developer ,7,Senior,60000.0,,,,English,10-50,Product
384,16/12/2018 10:50:12,29,M,Berlin,Frontend developer,6,Senior,58000.0,,,No,English,100-1000,Product
385,16/12/2018 11:11:12,37,M,München,Lead Architect,15,Senior,110000.0,110000.0,95000.0,No,Deutsch,1000+,Agency
386,16/12/2018 11:17:00,30,M,München,Quality engineer,7,Senior,68000.0,,,No,English,100-1000,Product
387,16/12/2018 11:51:14,30,M,München,Team Lead,9,Senior,70000.0,65000.0,75000.0,Yes,English,100-1000,Startup
388,16/12/2018 12:10:47,30,M,Amsterdam ,Devops,10,Senior,70000.0,55000.0,,No,English,100-1000,Product
389,16/12/2018 12:50:24,32,F,München,Scrum Master,12,Middle,72000.0,53000.0,48000.0,No,English,100-1000,Product
390,16/12/2018 13:01:21,34,M,Frankfurt,Software Test Engineer,8,Middle,60000.0,,,No,English,100-1000,Agency
391,16/12/2018 13:31:18,22,M,"Belgrade, Serbia",Sr. JS Developer,10,Senior,120000.0,100000.0,100000.0,No,English,100-1000,Agency
392,16/12/2018 14:59:51,35,M,Kyiv,Javascript Developer,10,Senior,43000.0,43000.0,43000.0,No,Russian,10-50,Product
393,16/12/2018 15:55:00,28,F,München,SAP Business Analyst,1,Junior,60000.0,,,No,Deutsch,1000+,Manufacturing
394,16/12/2018 17:20:10,29,M,Berlin,Senior Backend Developer,7,Senior,70000.0,70000.0,54000.0,No,English,100-1000,Product
395,16/12/2018 17:58:53,34,F,Berlin,UX Designer,4,Senior,48000.0,,,Yes,English,10-50,Startup
396,16/12/2018 18:16:01,31,F,München,Business Intelligence Analyst,4,Middle,67000.0,67000.0,55000.0,No,English,1000+,Product
397,16/12/2018 18:18:30,28,F,Berlin,Product manager,1,Middle,36000.0,20000.0,,No,English,10-50,Startup
398,16/12/2018 18:58:21,25,M,Berlin,Software Developer (Python Backend),3,Middle,75000.0,55000.0,48000.0,Yes,English,50-100,Product
399,16/12/2018 19:01:40,30,M,Frankfurt,System administrator ,9,Middle,65000.0,18000.0,17000.0,No,English,100-1000,Stock market 
400,16/12/2018 19:14:58,37,M,Berlin,Software Engineer ,6,Senior,63000.0,63000.0,55000.0,No,English,100-1000,Product
401,16/12/2018 19:20:34,33,F,München,Java Developer,11,Senior,60000.0,,,No,English,100-1000,telecom operator
402,16/12/2018 19:25:43,34,M,Amsterdam,Designer,10,Senior,57000.0,56000.0,55000.0,No,English,50-100,Product
403,16/12/2018 19:53:03,30,M,Frankfurt,Data Scientist,7,Senior,112000.0,105000.0,105000.0,No,Deutsch,100-1000,Product
404,16/12/2018 20:13:37,27,M,Berlin,Software Engineer,11,Senior,100000.0,80000.0,70000.0,Yes,English,1000+,Ecommerce
405,16/12/2018 20:20:45,30,M,München,CTO ,5,Senior,72000.0,50000.0,50000.0,Yes,English,up to 10,Startup
406,16/12/2018 21:06:21,30,F,Berlin,Lead Developer,11,Senior,78000.0,68000.0,,No,English,1000+,Startup
407,16/12/2018 21:14:16,32,F,München,java fullsteck developer,3,Junior,44000.0,42000.0,42000.0,No,Deutsch,100-1000,Product
408,16/12/2018 21:28:14,31,M,Nürnberg,Software Engineer,6,Middle,59000.0,50000.0,50000.0,No,Deutsch,1000+,Consulting
409,16/12/2018 21:48:16,38,M,München,QA,10,Senior,66000.0,63000.0,61000.0,Yes,Deutsch,100-1000,Product
410,16/12/2018 22:04:56,32,M,München,"Unreal Engine Developer, System Architect",11,Senior,60000.0,60000.0,60000.0,No,English,up to 10,Startup
411,16/12/2018 23:03:08,36,M,Hamburg,Senior Software Developer,10,Senior,65000.0,65000.0,65000.0,No,English,100-1000,Product
412,17/12/2018 00:02:54,31,F,München,Java Developer,9,Middle,47000.0,45000.0,45000.0,No,English,10-50,Agency
413,17/12/2018 00:07:22,33,M,Amsterdam,Tech lead,9,Middle,60000.0,59000.0,59000.0,No,English,100-1000,Product
414,17/12/2018 06:07:53,36,M,Berlin,SAP Consultant,12,Senior,72000.0,69000.0,65000.0,No,English,1000+,Product
415,17/12/2018 07:09:56,26,M,München,JavaScript Developer,5,Senior,68400.0,,,No,Team - Russian; Cross-team - English;,1000+,Agency
416,17/12/2018 07:56:36,37,M,Berlin,Software engineer ,15,Senior,55000.0,,,No,Deutsch,100-1000,Product
417,17/12/2018 08:14:34,31,M,München,Senior PHP developer,12,Senior,60000.0,,,No,English,1000+,Product
418,17/12/2018 08:37:06,29,M,München,DevOps,9,Senior,70000.0,60000.0,55000.0,Yes,English,50-100,Startup
419,17/12/2018 09:16:45,30,M,München,Senior iOS Developer,8,Senior,65000.0,,,No,English,1000+,Product
420,17/12/2018 10:07:20,43,M,Berlin,Consultant,18,Senior,70000.0,70000.0,64000.0,No,Deutsch,50-100,Product
421,17/12/2018 10:45:22,30,M,München,Test Engineer,10,Senior,80000.0,76000.0,72000.0,No,Russian,100-1000,Product
422,17/12/2018 11:00:28,29,F,Berlin,-,1,Junior,47000.0,47000.0,40000.0,Yes,English,100-1000,Product
423,17/12/2018 11:19:25,32,M,Berlin,Developer,12,Senior,66000.0,64000.0,60000.0,Yes,English,50-100,Startup
424,17/12/2018 11:22:40,42,M,Karlskrona,Java Developer,15,Senior,67200.0,64000.0,,No,English,1000+,Product
425,17/12/2018 11:37:08,31,M,München,Software Engineer,14,Senior,85000.0,75000.0,65000.0,Yes,English,1000+,Product
426,17/12/2018 12:11:26,36,M,Berlin,CTO,15,Senior,89000.0,79000.0,68000.0,Yes,English,10-50,Startup
427,17/12/2018 13:17:43,31,M,Berlin,Devops,6,Senior,72000.0,70000.0,62500.0,No,English,1000+,Product
428,17/12/2018 13:21:02,28,M,München,DB Developer,5,Senior,69000.0,67000.0,,No,English,1000+,Product
429,17/12/2018 14:07:36,34,M,Berlin,Senior Software Engineer,15,Senior,60000.0,20000.0,20000.0,No,English,1000+,Product
430,17/12/2018 14:07:40,36,M,Berlin,Ruby Developer,2,Middle,53000.0,,,No,English,50-100,Startup
431,17/12/2018 14:11:08,43,M,Berlin,SAP Consulter/ABAP Developer ,16,Senior,86000.0,84000.0,82000.0,Yes,Deutsch,50-100,Consulting
432,17/12/2018 14:23:30,29,M,Krakau,DevOps Engineer,11,Senior,45000.0,39200.0,28000.0,No,English,1000+,Outsourcing
433,17/12/2018 14:25:20,27,M,München,Java Developer,5,Senior,72000.0,60000.0,55000.0,Yes,Russian,50-100,Startup
434,17/12/2018 14:50:45,30,M,München,Business Analyst/RE,3,Middle,65000.0,,,No,Deutsch,1000+,Product
435,17/12/2018 14:57:03,28,F,Vienna,C++ sr. s/w dev,6,Senior,75000.0,75000.0,,No,English,10-50,Product
436,17/12/2018 15:37:57,22,M,München,iOS Developer,3,Junior,47000.0,,,No,Deutsch,100-1000,Agency
437,17/12/2018 15:40:30,25,M,Berlin,Android dev,6,Senior,60000.0,55000.0,48000.0,No,English,100-1000,Product
438,17/12/2018 15:55:56,28,M,München,C++ Developer,6,Middle,50000.0,,,No,English,100-1000,Agency
439,17/12/2018 16:01:29,36,M,Berlin,Senior Web Deleloper,8,Senior,55000.0,28000.0,28000.0,Yes,English,10-50,Startup
440,17/12/2018 16:14:23,35,M,London,Software developer,12,Senior,111000.0,95000.0,95000.0,No,English,100-1000,Product
441,17/12/2018 16:16:50,28,F,Stockholm,Automation Test Engineer,6,Middle,40800.0,36000.0,,No,English,100-1000,Product
442,17/12/2018 16:18:13,48,M,Bitburg,SSE,18,Senior,92100.0,89300.0,87600.0,No,Deutsch,100-1000,Product
443,17/12/2018 16:18:33,23,M,Nürnberg,Java Developer,5,Middle,73000.0,,,No,English,1000+,Product
444,17/12/2018 16:19:47,24,M,Berlin,Scala Developer,4,Middle,54000.0,,,No,English,10-50,Product
445,17/12/2018 16:25:33,25,M,Gdansk,Java Developer,3,Senior,38000.0,,,No,English,1000+,Outsorce
446,17/12/2018 16:46:55,30,M,Berlin,Web Developer,8,Senior,75000.0,62000.0,55000.0,Yes,English,1000+,Product
447,17/12/2018 16:59:49,28,M,Berlin,Senior .Net Developer,8,Senior,66000.0,55000.0,,No,English,10-50,Product
448,17/12/2018 17:08:52,31,M,Berlin,Software Developer,9,Senior,70000.0,60000.0,60000.0,No,English,50-100,Product
449,17/12/2018 17:09:25,31,M,Stuttgart,Data Engineer,10,Senior,60000.0,,,No,English,10-50,Product
450,17/12/2018 17:28:36,27,M,Berlin,Front End Engineer,8,Senior,70000.0,65000.0,63000.0,Yes,English,100-1000,Product
451,17/12/2018 17:53:50,32,F,Berlin,Werkstudent Testautomatisierung,1,Junior,10300.0,10300.0,10300.0,No,Deutsch,100-1000,Product
452,17/12/2018 18:24:15,30,M,München,Full Stack Developer,9,Senior,75000.0,65000.0,65000.0,No,English,1000+,Product
453,17/12/2018 18:35:33,32,M,Berlin,ios вумудщзук,30,Senior,65000.0,56000.0,47000.0,No,English,50-100,Startup
454,17/12/2018 18:36:29,25,M,Poland,QA Engineer,2,Middle,24000.0,16500.0,16500.0,No,Polish,1000+,Product
455,17/12/2018 18:58:02,23,M,München,iOS Developwr,2,Middle,52000.0,,,No,Deutsch,50-100,Agency
456,17/12/2018 19:02:21,33,M,Prague,.NET Developer,10,Senior,39600.0,33600.0,30000.0,No,English,1000+,Outsource
457,17/12/2018 19:18:13,31,M,München,DevOps,9,Middle,64400.0,58400.0,,No,English,100-1000,Product
458,17/12/2018 20:23:15,33,M,Düsseldorf,C++ Software Engineer,12,Senior,57000.0,57000.0,57000.0,No,Russian,up to 10,Product
459,17/12/2018 20:30:05,32,M,Frankfurt,QA,9,Senior,52000.0,50000.0,,No,English,1000+,Product
460,17/12/2018 20:49:55,31,M,Luxembourg,Software Development Engineer,6,Middle,77000.0,77000.0,,Yes,English,1000+,Product
461,17/12/2018 21:46:00,32,M,München,Engineering consultant,20,Senior,48000.0,,,No,English,1000+,consulting
462,17/12/2018 21:53:50,34,M,Berlin,Senior Software Engineer,12,Senior,67000.0,55000.0,55000.0,No,English,100-1000,Startup
463,17/12/2018 22:22:14,32,M,Berlin,C# Developer ,5,Senior,55000.0,55000.0,55000.0,No,English,10-50,Product
464,17/12/2018 23:00:51,31,M,Berlin,Senior Java Developer,9,Senior,85000.0,64000.0,58000.0,No,English,1000+,Product
465,17/12/2018 23:02:20,33,M,Stuttgart,Python Developer,8,Senior,57800.0,54000.0,,No,English,100-1000,Product
466,17/12/2018 23:16:24,26,M,Berlin,Android developer,4,Middle,20400.0,20400.0,20400.0,No,English,10-50,Product
467,17/12/2018 23:36:53,30,M,Krakow,Project Manager,7,Senior,44000.0,40000.0,,No,Russian,1000+,Outsource
468,18/12/2018 00:05:45,33,F,London,Product Manager,10,Senior,70000.0,56000.0,,No,English,100-1000,Agency
469,18/12/2018 01:03:19,25,M,Berlin,C# Developer,2,Middle,24000.0,10500.0,,No,Russian,10-50,Product
470,18/12/2018 01:03:23,25,M,Berlin,C# Developer,2,Middle,24000.0,10500.0,,No,Russian,10-50,Product
471,18/12/2018 02:42:05,26,F,München,Software developer,4,Middle,47300.0,41000.0,38000.0,No,English,50-100,Product
472,18/12/2018 06:50:08,45,M,Berlin,java developer,8,Middle,53000.0,48000.0,36000.0,Yes,Deutsch,1000+,Agency
473,18/12/2018 09:00:13,32,M,Krakow,Java Developer,10,Senior,23162.0,23162.0,,No,English,100-1000,Product
474,18/12/2018 09:10:10,36,M,Ludwigsburg,System Architect,10,Senior,100000.0,97000.0,95500.0,No,Deutsch,1000+,GmbH
475,18/12/2018 09:36:30,35,M,München,Head of Development,11,Senior,100000.0,90000.0,90000.0,No,Deutsch,100-1000,Product
476,18/12/2018 09:44:01,38,M,München,PHP Full Stack Developer,15,Senior,60000.0,51000.0,,No,English,up to 10,Product
477,18/12/2018 10:00:53,45,F,München,System Analyst,8,Middle,90000.0,89000.0,88000.0,No,English,1000+,Product
478,18/12/2018 10:06:00,38,M,Berlin,Senior Java Developer,15,Senior,60000.0,60000.0,,No,English,1000+,Startup
479,18/12/2018 10:10:49,35,M,Berlin,CTO,13,Senior,60000.0,54000.0,,Yes,English,up to 10,Startup
480,18/12/2018 10:15:08,32,M,München,DevOps,10,Others,75000.0,,,No,English,1000+,Product
481,18/12/2018 10:37:10,35,M,München,DevOps engineer,11,Middle,60000.0,,,Yes,English,10-50,Startup
482,18/12/2018 10:40:46,30,M,Hamburg,QA Engineer,5,Middle,56000.0,50000.0,,Yes,English,100-1000,Product
483,18/12/2018 11:14:53,32,M,Berlin,BI Developer,7,Senior,55000.0,50000.0,42000.0,,English,50-100,Startup
484,18/12/2018 11:16:23,45,M,Essen,Senior quant,20,Senior,80000.0,75000.0,70000.0,No,English,1000+,Corporation
485,18/12/2018 11:17:41,32,M,München,Senior Java Developer,18,Senior,75000.0,72000.0,,No,English,100-1000,Product
486,18/12/2018 11:20:41,37,M,Berlin,Senior Software Engineer,15,Senior,86000.0,77000.0,74000.0,No,English,10-50,Product
487,18/12/2018 11:25:57,21,F,Strasbourg,Data Developer,2,Junior,17532.0,11520.0,,No,French,1000+,Product
488,18/12/2018 11:43:01,32,M,"Alicante, Spain",Ruby developer,5,Senior,34000.0,31000.0,24000.0,No,Russian,50-100,Agency
489,18/12/2018 11:49:24,32,M,München,Senior Software Engineer,10,Senior,69000.0,65000.0,50000.0,No,English,100-1000,Product
490,18/12/2018 11:49:42,32,M,München,Senior Software Engineer,10,Senior,69000.0,65000.0,50000.0,No,English,100-1000,Product
491,18/12/2018 11:50:35,38,M,Berlin,Data Scientist,5,Senior,60000.0,60000.0,54000.0,No,English,up to 10,Product
492,18/12/2018 12:00:16,27,M,Warsaw,Data Processing Specialist,2,Middle,19200.0,14400.0,10800.0,No,Polish,50-100,Product
493,18/12/2018 12:46:46,37,M,Berlin,Python developer,2,Middle,30000.0,24000.0,,No,English,10-50,Product
494,18/12/2018 12:49:44,27,M,München,Frontend,7,Senior,75000.0,58000.0,,No,English,100-1000,Product
495,18/12/2018 12:56:33,35,M,München,Full stack developer,13,Senior,63000.0,,,No,English,1000+,Product
496,18/12/2018 13:00:19,28,M,Memmingen,Senior Software engineer,8,Senior,92000.0,,,No,English,10-50,IT Consulting 
497,18/12/2018 13:03:59,33,M,Berlin,Software Developer,5,Middle,51750.0,45000.0,37050.0,Yes,Deutsch,10-50,Startup
498,18/12/2018 13:22:40,34,F,München,PHP Dev,8,Middle,62000.0,50000.0,45000.0,No,English,1000+,Product
499,18/12/2018 13:27:34,36,M,Amsterdam,Senior Automation Test Engineer,13,Senior,80000.0,80000.0,72000.0,No,English,100-1000,Product
500,18/12/2018 13:50:03,30,F,München,QA,5,Middle,58000.0,56000.0,54000.0,Yes,English,1000+,Product
501,18/12/2018 13:50:32,31,M,Berlin,Engineering Manager,12,Junior,108000.0,110000.0,90000.0,Yes,English,100-1000,Product
502,18/12/2018 13:53:39,37,M,München,Operations,15,Middle,72000.0,65000.0,62000.0,No,English,1000+,Product
503,18/12/2018 14:11:38,33,M,Tallinn,Software Engineer,10,Senior,38400.0,,,Yes,English,1000+,Product
504,18/12/2018 14:16:32,31,M,Berlin,Golang developer,8,Senior,65000.0,65000.0,,No,English,10-50,Startup
505,18/12/2018 14:21:49,30,M,Berlin,Software Engineer,8,Senior,70000.0,66000.0,65000.0,No,English,1000+,Product
506,18/12/2018 14:23:48,31,F,München,QA,6,Middle,51000.0,50000.0,,No,English,50-100,Product
507,18/12/2018 14:28:00,24,F,München,Softwaredeveloper,4,Middle,57000.0,43000.0,,No,English,10-50,Agency
508,18/12/2018 14:28:27,36,M,Berlin,Senior Software Developer,15,Senior,75000.0,69000.0,66000.0,No,English,100-1000,Product
509,18/12/2018 14:55:05,40,M,München,Front End developer,12,Senior,69600.0,65000.0,62000.0,No,English,100-1000,Product
510,18/12/2018 15:21:18,33,M,Köln,Team Lead,10,Senior,85000.0,80000.0,77000.0,No,Deutsch,100-1000,Product
511,18/12/2018 15:27:24,34,M,München,Software Engineer,10,Senior,68000.0,,,No,English,100-1000,Product
512,18/12/2018 15:31:57,31,M,München,Senior software engineer ,9,Senior,65000.0,,,No,English,1000+,Product
513,18/12/2018 15:36:09,37,M,Stuttgart,DevOps (MS Stack),6,Senior,58500.0,12000.0,10500.0,No,Deutsch,100-1000,Product
514,18/12/2018 15:48:51,32,M,Berlin,Head of Data Science,9,Senior,130000.0,115000.0,115000.0,Yes,English,50-100,Startup
515,18/12/2018 16:15:47,32,M,Frankfurt,DevOps Architect,10,Senior,80000.0,52000.0,42000.0,Yes,English,1000+,Agency
516,18/12/2018 16:28:33,30,M,Berlin,Sr. Engineer,12,Senior,65000.0,58000.0,51000.0,Yes,English,50-100,Startup
517,18/12/2018 16:36:17,42,M,Berlin,qa ta architect,15,Senior,68000.0,62000.0,62000.0,No,English,50-100,Product
518,18/12/2018 17:15:11,32,M,Dublin,.NET Developer,10,Senior,96000.0,93000.0,91000.0,No,English,100-1000,Product
519,18/12/2018 17:34:39,32,M,Zurich,-,8,Others,150000.0,,,Yes,English,1000+,Product
520,18/12/2018 17:43:31,35,M,Hamburg,Senior PHP Developer,15,Senior,60000.0,63000.0,55000.0,No,Deutsch,10-50,Startup
521,18/12/2018 18:58:10,29,M,München,Head of Software Engineering ,11,Senior,120000.0,85000.0,75000.0,No,English,50-100,Startup
522,18/12/2018 19:09:28,27,F,München,QA Engineer,6,Middle,70000.0,65000.0,55000.0,No,English,100-1000,Product
523,18/12/2018 19:16:53,30,M,Berlin,Web Developer,9,Middle,44000.0,44000.0,,No,English,100-1000,Product
524,18/12/2018 19:59:16,27,M,Hamburg,Software Engineer,5,Middle,58500.0,53500.0,,No,Others,100-1000,Agency
525,18/12/2018 20:17:49,30,F,Berlin,Quality Engineer,9,Middle,55000.0,43000.0,,No,English,100-1000,Startup
526,18/12/2018 20:31:26,30,M,München,Java dev,6,Senior,70000.0,56000.0,56000.0,No,English,50-100,Startup
527,18/12/2018 20:35:56,28,M,München,-,7,Middle,60000.0,,,No,English,50-100,Startup
528,18/12/2018 20:46:41,33,M,oslo,-,8,Senior,80000.0,70000.0,,Yes,English,up to 10,Startup
529,18/12/2018 21:06:49,25,M,Münster,PHP developer,4,Middle,42000.0,,,No,English,1000+,Product
530,18/12/2018 21:12:58,35,M,Krakow,Staff Technical Product Manager,7,Senior,47000.0,,,No,English,100-1000,Product
531,18/12/2018 21:43:22,31,M,München,PHP Tech Lead,7,Senior,68000.0,65000.0,,No,English,100-1000,Product
532,18/12/2018 21:53:24,33,M,München,.NET Developer,4,Middle,65000.0,50000.0,50000.0,No,Deutsch,1000+,IT Consultancy 
533,18/12/2018 21:55:11,32,F,Berlin,UI Designer,10,Senior,56000.0,,,Yes,Deutsch,10-50,Product
534,18/12/2018 21:55:29,32,M,Berlin,.NET Developer,11,Senior,65000.0,65000.0,65000.0,No,English,50-100,Agency
535,18/12/2018 22:20:17,32,F,Berlin,Pyhon developer,2,Junior,47250.0,45000.0,45000.0,No,English,100-1000,Startup
536,18/12/2018 22:23:02,33,M,Berlin,C++ Software Developer,12,Senior,87000.0,77000.0,70000.0,Yes,English,1000+,Product
537,18/12/2018 22:30:11,32,M,München,Java Team Lead,12,Senior,85000.0,80000.0,75000.0,No,English,100-1000,Product
538,18/12/2018 22:40:10,35,F,München,Quality assurance,3,Junior,39000.0,38000.0,38000.0,No,English,100-1000,Product
539,18/12/2018 23:13:00,40,F,Frankfurt,DB ,4,Middle,65000.0,,,,Deutsch,100-1000,Product
540,19/12/2018 00:39:49,28,M,Berlin,Data Scientist,6,Senior,65000.0,55000.0,,Yes,English,10-50,Startup
541,19/12/2018 09:46:25,35,M,München,Senior Software Developer,13,Senior,65000.0,65000.0,,No,Deutsch,1000+,Product
542,19/12/2018 10:19:56,34,M,Berlin,Software Developer,15,Senior,69000.0,60000.0,60000.0,No,English,100-1000,Product
543,19/12/2018 10:27:08,31,M,Berlin,Fullstack Engineer,8,Senior,77000.0,72000.0,54000.0,No,English,100-1000,Product
544,19/12/2018 10:33:03,32,M,Berlin,Software engineer,7,Senior,73000.0,68000.0,69000.0,No,Deutsch,100-1000,Product
545,19/12/2018 10:34:21,32,M,Berlin,Senior automation qa,10,Senior,65000.0,80000.0,55000.0,No,English,100-1000,Product
546,19/12/2018 10:35:53,30,M,München,Android developer,5,Senior,60000.0,60000.0,,No,English,1000+,Product
547,19/12/2018 10:47:26,29,F,München,QA automation ,6,Middle,55000.0,,,Yes,English,100-1000,Agency
548,19/12/2018 11:17:07,60,F,München,PL SQL / C#,38,Others,58000.0,58000.0,58000.0,No,Deutsch,up to 10,Product
549,19/12/2018 11:29:18,50,M,Köln,Senior Consulter,20,Senior,72000.0,72000.0,67000.0,Yes,Deutsch,1000+,IT Service Provider
550,19/12/2018 12:23:56,29,M,München,Senior Java Developer,6,Senior,75000.0,70000.0,,No,English,10-50,Product
551,19/12/2018 12:28:51,31,M,Frankfurt,devops,5,Middle,55000.0,55000.0,47500.0,No,English,100-1000,Startup
552,19/12/2018 12:35:39,29,M,Berlin,Team Lead,7,Senior,70000.0,65000.0,50000.0,No,English,100-1000,Product
553,19/12/2018 12:36:41,36,M,Tallinn,-,15,Senior,57000.0,55000.0,53500.0,Yes,English,1000+,Product
554,19/12/2018 12:37:33,31,M,Frankfurt,Cloud Architect,10,Senior,75000.0,65000.0,55000.0,No,English,10-50,Agency
555,19/12/2018 12:53:51,34,M,München,CTO,12,Senior,70000.0,95000.0,75000.0,Yes,Deutsch/Englisch,10-50,Product
556,19/12/2018 13:13:37,31,M,Berlin,C++ Developer,4,Senior,65000.0,45000.0,40000.0,No,English,1000+,Product
557,19/12/2018 13:40:18,47,M,München,SharePoint Developer,11,Senior,66000.0,66000.0,65000.0,No,Deutsch,1000+,"non-IT, manufacturing"
558,19/12/2018 13:55:15,32,M,London,Big Data Developer ,10,Senior,90000.0,90000.0,70000.0,No,English,1000+,Bank 
559,19/12/2018 14:00:34,43,M,München,DWH expert,10,Senior,88000.0,85000.0,83000.0,Yes,English,1000+,Insurance
560,19/12/2018 14:03:52,33,M,München,Senior Full stack developer,7,Senior,70000.0,70000.0,65000.0,No,English,100-1000,Product
561,19/12/2018 14:17:38,32,M,Hildesheim,C++ developer,12,Senior,60000.0,60000.0,60000.0,No,English,1000+,Product
562,19/12/2018 14:32:15,32,M,München,Android dev.,7,Middle,78000.0,75000.0,75000.0,No,Deutsch,50-100,Product
563,19/12/2018 15:30:31,47,M,Berlin,Java Developer,10,Senior,64500.0,64000.0,62000.0,No,Deutsch,100-1000,IT-Beratung
564,19/12/2018 15:39:37,31,M,Berlin,Senior Data Scientist,7,Senior,96000.0,85000.0,85000.0,Yes,English,100-1000,Product
565,19/12/2018 15:40:32,32,M,Berlin,Frontend Developer,7,Senior,68000.0,64000.0,60000.0,No,English,100-1000,Startup
566,19/12/2018 15:50:09,40,M,Dublin,Senior Embedded Developer,20,Senior,80000.0,72000.0,72000.0,No,English,10-50,Startup
567,19/12/2018 15:55:31,33,M,Berlin,Computer Vision Engineer,10,Senior,122000.0,110000.0,102000.0,Yes,English,1000+,Product
568,19/12/2018 16:02:32,46,M,London,Data Engineer,21,Middle,90000.0,90000.0,90000.0,No,English,100-1000,Startup
569,19/12/2018 16:19:01,27,M,München,Software Engineer,2,Junior,55000.0,55000.0,,No,English,1000+,Product
570,19/12/2018 16:36:52,43,M,Frankfurt,C#.net Developer,18,Senior,60000.0,60000.0,60000.0,No,English,1000+,Consulting
571,19/12/2018 16:37:02,32,F,Hamburg,QA Lead,10,Others,65000.0,65000.0,55000.0,Yes,English,50-100,Startup
572,19/12/2018 17:01:14,34,M,München,QA,10,Middle,70000.0,,,No,Deutsch,100-1000,Product
573,19/12/2018 17:21:50,38,M,Berlin,Team Lead,15,Senior,75000.0,65000.0,60000.0,No,English,1000+,Product
574,19/12/2018 17:30:09,31,F,München,Java Developer,9,Senior,65000.0,,,No,English,50-100,Startup
575,19/12/2018 17:45:39,31,M,Berlin,iOS Developer,4,Middle,60000.0,52600.0,48000.0,Yes,English,100-1000,Product
576,19/12/2018 17:49:22,32,M,Frankfurt,It security ,15,Senior,165000.0,130000.0,110000.0,Yes,English,up to 10,Agency
577,19/12/2018 18:18:05,34,M,München,Deep Learning Engineer,9,Senior,138000.0,124000.0,124000.0,No,English,1000+,Product
578,19/12/2018 19:41:22,42,M,München,Application Engineer ,19,Senior,110000.0,105000.0,103000.0,Yes,English,1000+,Product
579,19/12/2018 20:15:34,32,M,Berlin,Devops,10,Senior,60000.0,55000.0,,No,English,50-100,Startup
580,19/12/2018 20:53:38,30,M,München,iOS Developer,5,Middle,58000.0,,,No,English,100-1000,Startup
581,19/12/2018 21:08:48,26,M,Köln,Software Engineer (java),1,Junior,46000.0,44000.0,18000.0,No,Deutsch,1000+,Technology Consulting
582,19/12/2018 21:21:28,27,M,Berlin,Senior Software Engineer,5,Senior,73000.0,69000.0,60000.0,No,English,10-50,Startup
583,19/12/2018 21:34:04,36,M,München,Senior Data Engineer,14,Senior,68000.0,,,No,English,100-1000,Agency
584,19/12/2018 21:34:13,36,M,München,Senior Data Engineer,14,Senior,68000.0,,,No,English,100-1000,Agency
585,19/12/2018 21:43:05,30,F,Berlin,android developer,5,Middle,52000.0,,,No,English,1000+,Product
586,19/12/2018 22:53:11,26,M,Köln,PHP Symfony,6,Senior,60000.0,50000.0,,No,English,10-50,Startup
587,20/12/2018 00:38:28,32,M,Stuttgart,C#,7,Middle,74000.0,55000.0,50000.0,Yes,Deutsch,1000+,Product
588,20/12/2018 07:51:44,26,M,"Krakow, Poland",Senior Software Engineer,4,Senior,39150.0,33550.0,27950.0,No,English,1000+,outsource
589,20/12/2018 08:13:59,25,M,München,Java Full-Stack Developer,2,Junior,60000.0,10800.0,10800.0,No,English,100-1000,Product
590,20/12/2018 08:15:29,33,M,Rosenheim,IT Infrastructure consultant,15,Senior,48000.0,48000.0,,No,Deutsch,10-50,IT Consultants
591,20/12/2018 08:20:25,29,M,Berlin,iOS Developer ,8,Senior,60000.0,60000.0,,No,English,50-100,Product
592,20/12/2018 09:05:47,30,M,Hamburg,1С,5,Middle,24000.0,24000.0,15000.0,Yes,Russian,50-100,Agency
593,20/12/2018 09:19:23,32,M,Darmstadt,Java Developer,9,Senior,70000.0,65000.0,62000.0,No,English,50-100,Agency
594,20/12/2018 09:27:44,32,M,Stuttgart ,Senior Software Developer,8,Senior,72000.0,65000.0,55000.0,No,English,1000+,Agency
595,20/12/2018 10:05:48,30,M,Hamburg,Hardware Developer,4,Middle,40800.0,38000.0,38000.0,No,Deutsch,up to 10,Agency
596,20/12/2018 10:22:10,30,F,München,Software Tester,5,Middle,50000.0,46000.0,44000.0,No,Deutsch,50-100,Product
597,20/12/2018 10:46:50,36,M,München,Web-Entwickler,5,Middle,53000.0,51000.0,,No,English,50-100,Product
598,20/12/2018 11:01:51,40,M,München,Architekt,18,Senior,89000.0,80000.0,76000.0,Yes,Deutsch,50-100,Product
599,20/12/2018 11:30:15,26,M,Berlin,PHP Developer,8,Middle,50000.0,45000.0,,Yes,English,10-50,Startup
600,20/12/2018 12:06:50,29,M,Berlin,QA,8,Senior,67500.0,67500.0,50000.0,No,English,100-1000,Product
601,20/12/2018 12:25:26,28,F,Frankfurt,Test Automation Engineer,3,Middle,50000.0,43000.0,40000.0,Yes,Deutsch,50-100,Consulting
602,20/12/2018 12:28:28,35,F,Berlin,ML/Research (30 hours weekly),8,Middle,37000.0,45000.0,45000.0,No,Deutsch,100-1000,Hochschule/university
603,20/12/2018 12:49:16,32,M,Berlin,Senior iOS Developer,6,Senior,80000.0,62000.0,53000.0,No,English,1000+,Product
604,20/12/2018 14:17:32,32,M,Karlsruhe,Electrical Engineer,4,Middle,45000.0,42000.0,40000.0,No,Deutsch,10-50,Product
605,20/12/2018 14:35:37,29,M,München,Senior Java Developer,8,Senior,80000.0,100000.0,,No,English,100-1000,Product
606,20/12/2018 16:07:33,52,M,bremen,Sysadmin,5,Middle,33600.0,33600.0,33600.0,No,Deutsch,up to 10,ISP
607,20/12/2018 16:54:51,34,M,München,Research Scientist (AI),8,Senior,132000.0,125000.0,120000.0,Yes,English,1000+,Product
608,20/12/2018 17:40:43,39,M,Hamburg,Software Engineer,5,Middle,87500.0,84500.0,,Yes,English,1000+,Product
609,20/12/2018 18:53:02,30,M,Stockholm,Java Developer,12,Senior,65000.0,63000.0,52000.0,Yes,English,1000+,Product
610,20/12/2018 19:23:53,38,M,Berlin,Senior Research Engineer,14,Senior,128000.0,119000.0,119000.0,Yes,English,1000+,Product
611,20/12/2018 19:25:07,26,M,München,Frontend Developer,3,Junior,37000.0,37000.0,37000.0,Yes,Deutsch,up to 10,Startup
612,20/12/2018 22:38:36,33,F,München,Sr project manager,11,Senior,120000.0,85000.0,72000.0,No,English,1000+,Product
613,20/12/2018 22:39:21,42,M,München,-,18,Senior,180000.0,120000.0,90000.0,No,Deutsch,1000+,Product
614,21/12/2018 00:30:25,35,M,Berlin,.net c# developer,14,Senior,55000.0,,,No,English,50-100,Product
615,21/12/2018 03:36:12,35,M,Berlin,Scala Developer,10,Senior,78000.0,70000.0,,No,English,1000+,Product
616,21/12/2018 10:04:21,32,M,Brussels,C++ Lead Developer,12,Senior,75000.0,65000.0,45000.0,Yes,English,1000+,Product
617,21/12/2018 10:42:50,31,M,Luxembourg,Network engineer,8,Middle,72000.0,70000.0,70000.0,No,English,100-1000,Product
618,21/12/2018 11:59:26,37,M,Stuttgart,PHP developer,6,Senior,57000.0,51000.0,,No,English,100-1000,Product
619,21/12/2018 14:10:43,30,M,München,iOS Developer,7,Senior,68000.0,68000.0,60000.0,No,English,100-1000,Product
620,21/12/2018 14:23:17,26,M,München,Java Developer,5,Middle,58000.0,58000.0,,No,English,100-1000,Agency
621,21/12/2018 14:36:29,32,M,München,backend developer,10,Senior,65000.0,65000.0,55000.0,No,English,100-1000,Product
622,21/12/2018 14:56:31,30,M,München,data scientist,5,Middle,60000.0,59000.0,58000.0,No,English,100-1000,Product
623,21/12/2018 15:21:40,31,M,Berlin,Security Researcher,5,Senior,90000.0,85000.0,70000.0,No,English,1000+,Product
624,21/12/2018 15:29:51,32,F,Dublin,Software engineer,6,Middle,90000.0,40000.0,36000.0,Yes,English,1000+,Product
625,21/12/2018 17:23:57,28,M,Berlin,team lead,5,Senior,77000.0,65000.0,55000.0,No,English,50-100,Product
626,21/12/2018 19:20:15,33,M,Nürnberg ,Java Developer ,6,Senior,90000.0,65000.0,50000.0,No,Deutsch,100-1000,Agency
627,21/12/2018 19:20:59,33,M,Nürnberg ,Java Developer ,6,Senior,90000.0,65000.0,50000.0,No,Deutsch,100-1000,Agency
628,21/12/2018 20:52:25,27,M,Berlin,Senior javascript developer,7,Senior,57500.0,55000.0,,No,English,100-1000,Product
629,21/12/2018 21:01:44,43,M,Schleswig-Holstein,Senior .NET Engineer,16,Senior,103000.0,93000.0,90000.0,No,Deutsch,50-100,Product
630,21/12/2018 22:17:29,31,M,Riga,-,11,Senior,55000.0,,50000.0,No,English,1000+,Product
631,21/12/2018 22:53:31,30,M,Köln,Software developer,5,Senior,70000.0,65000.0,,No,English,10-50,Product
632,21/12/2018 23:49:39,32,M,Berlin,Data Science Team Lead,8,Senior,125000.0,106000.0,98000.0,Yes,English,100-1000,Product
633,22/12/2018 10:39:18,35,M,Berlin,PHP Developer,8,Senior,57000.0,54000.0,36000.0,No,English,10-50,Product
634,22/12/2018 11:03:16,26,F,Berlin,Data Scientist,1,Junior,56000.0,48000.0,,No,English,50-100,Startup
635,22/12/2018 11:10:31,33,M,Stuttgart,Product Security Engineer,12,Senior,78000.0,55000.0,52000.0,No,Deutsch,1000+,Product
636,22/12/2018 11:39:33,33,M,Berlin,Php developer,12,Senior,66000.0,60000.0,55000.0,Yes,English,100-1000,Product
637,22/12/2018 12:32:20,38,M,München,Devops,15,Senior,67000.0,62000.0,,No,English,50-100,Product
638,22/12/2018 13:35:53,31,M,Berlin,Java Developer,9,Middle,70000.0,67000.0,65000.0,No,English,1000+,Product
639,22/12/2018 13:49:00,37,M,Berlin,Javascript Engineer,8,Senior,75000.0,60000.0,50000.0,No,English,1000+,Product
640,22/12/2018 14:29:51,27,M,Berlin,DevOps,10,Senior,60000.0,80000.0,56000.0,No,English,100-1000,Agency
641,22/12/2018 14:58:30,32,M,München,Senior DevOps,8,Senior,90000.0,80000.0,60000.0,No,English,100-1000,Fin Tech
642,22/12/2018 17:01:02,31,F,Frankfurt,IT recruiter ,8,Senior,90000.0,60000.0,45000.0,No,Deutsch,100-1000,Agency
643,22/12/2018 17:25:53,33,F,Berlin,NAV Developer ,10,Middle,55000.0,55000.0,60000.0,No,English,100-1000,Startup
644,22/12/2018 18:56:42,37,M,München,C++  developer,15,Senior,80000.0,77000.0,65000.0,No,English,100-1000,Product
645,22/12/2018 19:57:57,36,M,München,Solution Architect,14,Senior,112000.0,,,No,English,1000+,Outsourcing
646,22/12/2018 20:10:58,33,M,München,Javascript Developer,10,Senior,72000.0,69000.0,66000.0,No,Deutsch,1000+,Product
647,22/12/2018 20:38:00,30,M,München,Senior iOS developer,10,Senior,70000.0,70000.0,75000.0,No,English,10-50,Startup
648,22/12/2018 21:42:28,34,M,Berlin,Machine Learning Engineer,9,Senior,120000.0,105000.0,105000.0,,English,100-1000,Product
649,22/12/2018 22:32:17,30,F,München,Frontend developer ,1,Junior,50000.0,,,No,Deutsch,50-100,Product
650,23/12/2018 02:03:23,36,M,Koblenz,System Administrator (Windows),18,Senior,42000.0,,,No,Deutsch,10-50,Outsourcing
651,23/12/2018 10:00:57,31,M,München,DevOps,11,Senior,80000.0,65000.0,60000.0,Yes,English,1000+,Product
652,23/12/2018 11:39:45,31,M,München,Lead DevOps,8,Senior,65000.0,60000.0,,No,English,50-100,Startup
653,23/12/2018 12:54:37,33,M,Frankfurt,Lead Java Developer,11,Senior,72000.0,72000.0,68000.0,No,English,100-1000,Product
654,23/12/2018 15:08:36,32,M,Berlin,Software Engineer,9,Senior,83000.0,70000.0,66000.0,No,English,50-100,Blockchain technology
655,23/12/2018 15:16:21,27,M,Berlin,Java Developer,6,Middle,60000.0,67000.0,51000.0,No,English,1000+,Retail
656,23/12/2018 15:30:20,35,M,München,-,12,Senior,84000.0,78000.0,72000.0,No,Deutsch,up to 10,Startup
657,23/12/2018 15:31:48,25,M,München,DWH Developer,4,Senior,70000.0,,,No,English,1000+,Agency
658,23/12/2018 15:33:22,34,M,Berlin,QA Lead,10,Senior,65000.0,60000.0,,Yes,English,50-100,Product
659,23/12/2018 16:23:52,34,M,Hamburg,Software Developer ,10,Senior,68000.0,62000.0,,No,English,100-1000,Product
660,23/12/2018 16:37:28,35,M,München,Backend Engineer,12,Senior,70000.0,64000.0,61000.0,No,English,50-100,Product
661,23/12/2018 17:51:44,34,M,München,Senior Software Testing Engineer,11,Senior,72000.0,68000.0,65000.0,No,English,1000+,Product
662,23/12/2018 18:59:15,33,M,homeoffice,DevOps,15,Senior,65000.0,65000.0,,No,Deutsch,up to 10,Agency
663,23/12/2018 19:15:03,26,M,Berlin,Full-stack developer,5,Senior,65000.0,54000.0,40000.0,No,English,100-1000,Startup
664,24/12/2018 08:47:03,30,M,Vienna,Software developer,7,Middle,42000.0,44800.0,44800.0,No,English,50-100,Consult
665,24/12/2018 10:39:45,29,F,Berlin,qa,5,Middle,40000.0,40000.0,32000.0,No,English,50-100,Startup
666,24/12/2018 10:49:15,33,M,München,Test Automation Engineer,4,Middle,60000.0,,,No,English,50-100,Product
667,24/12/2018 11:20:58,28,M,Berlin,iOS Developer ,6,Middle,48000.0,48000.0,48000.0,No,English,100-1000,Product
668,24/12/2018 17:36:56,33,M,Moscow,Sap developer,10,Senior,50000.0,,,No,Russian,1000+,Agency
669,24/12/2018 18:49:59,27,M,Berlin,Scrum Master,4,Senior,62000.0,,,No,English,100-1000,Agency
670,25/12/2018 09:57:07,33,F,Berlin,Java Developer,4,Middle,55000.0,54000.0,39000.0,No,English,1000+,Product
671,25/12/2018 12:45:52,30,M,Berlin,Full stack,10,Senior,75000.0,70000.0,70000.0,Yes,English,100-1000,Product
672,25/12/2018 12:51:46,29,M,Berlin,SDET,3,Middle,58000.0,57000.0,,No,Deutsch,10-50,Product
673,25/12/2018 13:02:57,32,M,Berlin,Senior Sotfware Engineer (Typescript/Javascript),9,Senior,65000.0,60000.0,60000.0,No,English,1000+,Product
674,25/12/2018 13:08:55,32,M,München,c# developer,15,Middle,53600.0,52200.0,47000.0,No,Deutsch,10-50,Product
675,25/12/2018 21:42:08,28,M,München,Software Tester,7,Senior,60000.0,56000.0,,No,English,100-1000,Product
676,25/12/2018 21:42:19,28,M,München,Software Tester,7,Senior,60000.0,56000.0,,No,English,100-1000,Product
677,25/12/2018 23:47:53,31,M,Berlin,Data analyst,3,Middle,51600.0,,,No,English,100-1000,Product
678,26/12/2018 09:25:19,33,M,Limassol,PHP Developer,12,Senior,39600.0,36000.0,36000.0,No,Russian,100-1000,Product
679,26/12/2018 11:08:06,32,M,Berlin,Solution Architect,3,Senior,60500.0,55000.0,28000.0,No,Deutsch,10-50,Agency
680,26/12/2018 14:16:31,37,M,Berlin,Software engineer,15,Senior,65000.0,55000.0,50000.0,No,English,10-50,Startup
681,26/12/2018 14:37:31,30,M,saint petersburg,c++,10,Senior,15000.0,14000.0,13000.0,No,Russian,100-1000,Product
682,26/12/2018 16:04:40,30,M,München,Business Analyst,7,Senior,120000.0,110000.0,100000.0,No,English,1000+,Product
683,26/12/2018 19:42:47,32,M,München,Fullstack,15,Senior,130000.0,90000.0,90000.0,No,English,100-1000,Product
684,27/12/2018 07:53:59,33,M,Berlin,Java Developer,1,Junior,42000.0,,,No,English,50-100,Agency
685,27/12/2018 09:30:49,28,M,Köln,.net developer,3,Middle,45000.0,40000.0,,No,Deutsch,10-50,Product
686,27/12/2018 12:34:03,37,M,Erlangen,Projectingenieur,7,Senior,85000.0,78000.0,74000.0,Yes,Deutsch,1000+,Product
687,27/12/2018 13:58:13,32,M,Frankfurt,Java Developer,8,Senior,72000.0,68600.0,60000.0,No,English,100-1000,Product
688,27/12/2018 20:07:09,36,M,München,Frontend Developer,5,Middle,60000.0,,,No,English,50-100,Agency
689,28/12/2018 00:00:48,30,M,Berlin,Full Stack Developer,10,Middle,47000.0,47000.0,38000.0,No,English,10-50,Product
690,28/12/2018 13:37:45,32,M,München,C++ Developer,5,Middle,75000.0,60000.0,55000.0,No,English,10-50,Project-based software development
691,28/12/2018 18:07:36,39,M,Berlin,Gruppenleiter Testing,10,Senior,130000.0,129000.0,125000.0,No,Deutsch,100-1000,Product
692,29/12/2018 00:06:13,29,M,München,.net developer,8,Senior,77000.0,55000.0,44000.0,No,English,1000+,Product
693,29/12/2018 11:12:09,35,F,Berlin,Java Developer,2,Junior,42000.0,39000.0,,No,Deutsch,10-50,Product
694,29/12/2018 17:04:41,36,F,München, Java Developer,7,Senior,80000.0,75000.0,72000.0,No,English,1000+,Automotive
695,29/12/2018 17:45:46,37,M,Berlin,Teamlead,17,Senior,95000.0,85000.0,70000.0,No,English,100-1000,Product
696,29/12/2018 20:02:46,29,M,Berlin,Senior Frontend Developer,9,Senior,60000.0,55000.0,52000.0,Yes,English,100-1000,Product
697,30/12/2018 09:43:24,32,M,München,QA,7,Senior,71000.0,68000.0,64000.0,No,English,100-1000,Product
698,30/12/2018 10:08:25,32,M,München,Full stack developer ,5,Senior,60000.0,,,No,English,10-50,Startup
699,30/12/2018 10:34:03,32,M,Berlin,Director of Engineering,10,Senior,115000.0,95000.0,70000.0,Yes,English,100-1000,Product
700,30/12/2018 18:53:11,32,M,München,Solutions architect,11,Senior,75000.0,65000.0,60000.0,No,English,100-1000,Startup
701,30/12/2018 22:14:57,30,M,Bonn,Software Developer,7,Senior,62500.0,55000.0,48000.0,No,English,10-50,Product
702,30/12/2018 22:21:56,38,M,Siegen,PCB Designer,15,Middle,64000.0,58000.0,,Yes,Russian,100-1000,Product
703,31/12/2018 07:45:22,42,M,München,IT специалист,18,Senior,127000.0,123000.0,118000.0,No,Deutsch,1000+,Automotive
704,31/12/2018 10:58:13,27,M,München,Software Developer,6,Middle,65000.0,65000.0,50000.0,No,Deutsch,100-1000,Product
705,31/12/2018 16:29:27,42,M,Berlin,Ruby Developer,20,Senior,93000.0,65000.0,,Yes,English,1000+,Product
706,31/12/2018 21:40:32,26,F,Berlin,Front End Developer ,3,Junior,27000.0,,,No,English,10-50,Product
707,31/12/2018 21:41:26,26,M,Berlin,QA,7,Middle,33000.0,30000.0,,No,English,50-100,Product
708,01/01/2019 10:19:48,33,M,Remote Germany,Engineering Manager,0,Senior,83200.0,80000.0,70000.0,Yes,English,100-1000,Startup
709,01/01/2019 20:37:11,30,M,Berlin,Software Engineer ,10,Senior,85000.0,75000.0,65000.0,Yes,English,50-100,Product
710,01/01/2019 21:07:07,34,M,Berlin,Project Manager,10,Senior,74000.0,,,No,English,100-1000,Product
711,02/01/2019 10:42:28,31,F,Berlin,QA,9,Senior,42000.0,42000.0,,Yes,English,10-50,Startup
712,02/01/2019 10:43:31,44,M,Berlin,C# Developer,20,Senior,65000.0,60000.0,58000.0,No,Deutsch,50-100,Product
713,02/01/2019 17:47:17,32,M,Stuttgart,C++ Developer,8,Senior,80400.0,67000.0,60000.0,No,English,1000+,OEM
714,02/01/2019 22:32:08,27,F,Frankfurt,Associate IT Consultant,0,Junior,50000.0,10001.0,10001.0,No,English,100-1000,Consulting (banking)
715,03/01/2019 14:01:31,30,M,Berlin,Principal Software Engineer,10,Senior,75000.0,72000.0,36000.0,Yes,English,1000+,Product
716,03/01/2019 17:37:31,25,M,"Ireland, Dublin",C# dev,5,Middle,50000.0,,,No,English,100-1000,Agency
717,05/01/2019 15:01:25,35,M,Köln,DevOps Engineer,11,Middle,60000.0,,,No,English,10-50,Startup
718,06/01/2019 15:20:04,26,M,Berlin,Java Script developer,5,Senior,62500.0,60000.0,52000.0,Yes,English,1000+,Product
719,07/01/2019 13:59:53,34,M,Frankfurt,BI Consultant,11,Senior,65000.0,55000.0,55000.0,No,Deutsch,1000+,IT Consulting
720,08/01/2019 21:21:55,36,M,Köln,Software Tester,5,Senior,53000.0,,,No,Deutsch,100-1000,Agency
721,09/01/2019 10:31:26,35,M,Berlin,Backend Developer,12,Senior,70000.0,65000.0,60000.0,No,English,100-1000,Product
722,14/01/2019 10:13:07,29,F,Berlin,Senior Tech recruiter,7,Senior,55000.0,,,No,English,50-100,Agency
723,18/01/2019 08:18:53,33,M,Köln,.NET Developer,12,Senior,60000.0,,,No,English,up to 10,Product
724,20/01/2019 03:50:44,28,M,Darmstadt,Computer Vision Intern,2,Others,13000.0,,,No,English,50-100,Product
725,20/01/2019 14:36:15,34,M,Berlin,Devops Engineer,3,Middle,52000.0,47000.0,39000.0,Yes,English,50-100,Product
726,21/01/2019 16:05:38,32,F,München,Software tester,8,Middle,40000.0,40000.0,38000.0,No,Deutsch,100-1000,Product
727,04/02/2019 14:31:56,33,M,Berlin,Producer,7,Senior,69000.0,67000.0,64500.0,No,English,1000+,Product
728,05/02/2019 12:48:23,30,F,Berlin,Project Manager,11,Senior,65000.0,55000.0,,No,English,10-50,Startup
729,05/02/2019 19:08:50,38,M,Berlin,PHP Developer,18,Senior,68000.0,65000.0,60000.0,No,English,1000+,Product
730,10/02/2019 18:42:52,31,M,München,Android Developer,6,Middle,65000.0,63000.0,58000.0,No,English,50-100,Product
731,22/02/2019 11:27:17,35,F,München,Product Manager,10,Senior,80000.0,,,No,English,50-100,Product
732,27/02/2019 21:40:21,32,M,Berlin,Senior QA Engineer,9,Senior,71500.0,68000.0,60000.0,Yes,English,100-1000,Startup
733,27/02/2019 21:51:06,32,M,Berlin,-,8,Others,65000.0,,,,Others,100-1000,Product
734,28/02/2019 16:33:15,32,M,Berlin,-,8,Others,65000.0,,,,Others,100-1000,Product
735,26/03/2019 22:17:53,40,M,München,Senior PHP developer,12,Senior,50000.0,50000.0,41000.0,No,English,50-100,Product
736,03/04/2019 10:10:41,32,M,Frankfurt,-,8,Junior,65000.0,,,No,Deutsch,1000+,Product
737,13/05/2019 20:50:51,32,M,Berlin,-,8,Others,65000.0,,,,Others,100-1000,Product
738,16/05/2019 23:36:03,32,M,Berlin,-,8,Others,65000.0,,,,Others,100-1000,Product
739,22/05/2019 00:54:42,32,M,München,-,8,Senior,70000.0,,,,Others,100-1000,Product
740,25/05/2019 16:38:34,32,M,Berlin,-,8,Others,65000.0,,,,Others,100-1000,Product
741,25/05/2019 16:38:46,32,M,Berlin,-,8,Others,65000.0,,,,Others,100-1000,Product
742,02/06/2019 22:53:41,31,M,München,-,1,Junior,51000.0,,,No,Deutsch,1000+,Agency
743,03/06/2019 22:58:13,40,M,Berlin,Senior Java developer,20,Senior,75000.0,,,No,English,50-100,Product
744,14/06/2019 09:07:43,32,M,Frankfurt,SAP Developer,8,Senior,80000.0,75000.0,65000.0,No,Deutsch,100-1000,Product
745,03/08/2019 13:35:09,37,M,Köln,Software Tester,5,Middle,53000.0,53000.0,,No,Deutsch,10-50,Agency
746,09/08/2019 11:53:32,51,M,Oberhausen,Sr. Database Entwickler (Oracle/Java),25,Senior,78000.0,76500.0,75000.0,No,Deutsch,100-1000,Product
747,22/08/2019 21:04:57,32,M,Berlin,-,8,Others,65000.0,,,,Others,100-1000,Product
748,12/09/2019 13:05:24,32,M,estonia,32,3,Senior,55555.0,55555.0,55555.0,No,English,up to 10,Agency
749,08/10/2019 16:45:46,29,M,Andernach,Java Developer,1,Junior,42000.0,,,No,Russian,up to 10,Product
750,27/10/2019 09:25:28,25,M,München,Developer,4,Middle,60000.0,55000.0,,No,English,1000+,Product
751,23/11/2019 08:30:53,32,M,Berlin,Lead software engineer,17,Senior,85000.0,83000.0,80000.0,No,English,1000+,Product
752,28/11/2019 20:39:45,32,M,Berlin,-,8,Others,65000.0,,,,Others,100-1000,Product
753,26/12/2019 17:09:25,33,M,Nürnberg ,Project Manager ,11,Senior,75000.0,70000.0,,Yes,English,1000+,Product
754,29/12/2019 22:54:18,32,M,Berlin,-,8,Others,65000.0,,,,Others,100-1000,Product
755,06/01/2020 13:38:05,30,M,München,Softwareentwickler,10,Middle,75000.0,50000.0,,No,Deutsch,100-1000,Agency
756,05/03/2020 16:50:43,52,M,Köln,IT Engineer,30,Middle,63000.0,80000.0,80000.0,No,English,1000+,Agency
757,11/03/2020 23:23:19,32,M,Berlin,-,8,Others,65000.0,,,,Others,100-1000,Product
758,31/05/2020 16:28:15,32,M,Berlin,-,8,Others,65000.0,,,,Others,100-1000,Product
759,31/05/2020 16:28:23,32,M,Berlin,-,8,Others,65000.0,,,,Others,100-1000,Product
760,03/06/2020 20:12:51,40,M,Köln,Java Developer junior,1,Junior,44000.0,40000.0,40000.0,Yes,Deutsch,10-50,Product
761,28/07/2020 04:03:13,32,M,Köln,E.g. C# Developer,1,Junior,45000.0,40000.0,40000.0,Yes,Deutsch,10-50,Product
762,28/07/2020 04:03:20,32,M,Köln,E.g. C# Developer,1,Junior,45000.0,40000.0,40000.0,Yes,Deutsch,10-50,Product
763,26/08/2020 09:06:44,32,M,Berlin,-,8,Others,65000.0,,,,Others,100-1000,Product
764,21/09/2020 01:47:10,31,F,München,Pm ,10,Senior,110000.0,,,No,English,1000+,Product
